"Deaths by municipalities, sex and age 1981-2022"

"Year";"Municipality";"Age";"Males";"Females"
"1998";"Total";"On 1st year";4;7
"1998";"Total";"1 year";2;1
"1998";"Total";"2 years";0;1
"1998";"Total";"3 years";1;3
"1998";"Total";"4 years";0;1
"1998";"Total";"5 years";0;0
"1998";"Total";"6 years";0;1
"1998";"Total";"7 years";1;0
"1998";"Total";"8 years";0;0
"1998";"Total";"9 years";0;0
"1998";"Total";"10 years";0;0
"1998";"Total";"11 years";0;0
"1998";"Total";"12 years";0;0
"1998";"Total";"13 years";1;0
"1998";"Total";"14 years";0;1
"1998";"Total";"15 years";2;0
"1998";"Total";"16 years";1;0
"1998";"Total";"17 years";2;3
"1998";"Total";"18 years";1;0
"1998";"Total";"19 years";2;0
"1998";"Total";"20 years";1;0
"1998";"Total";"21 years";0;2
"1998";"Total";"22 years";4;1
"1998";"Total";"23 years";2;0
"1998";"Total";"24 years";0;1
"1998";"Total";"25 years";0;2
"1998";"Total";"26 years";0;2
"1998";"Total";"27 years";1;0
"1998";"Total";"28 years";6;0
"1998";"Total";"29 years";1;0
"1998";"Total";"30 years";0;1
"1998";"Total";"31 years";3;2
"1998";"Total";"32 years";1;0
"1998";"Total";"33 years";3;0
"1998";"Total";"34 years";0;2
"1998";"Total";"35 years";5;0
"1998";"Total";"36 years";1;0
"1998";"Total";"37 years";0;0
"1998";"Total";"38 years";4;3
"1998";"Total";"39 years";1;0
"1998";"Total";"40 years";3;3
"1998";"Total";"41 years";2;2
"1998";"Total";"42 years";3;2
"1998";"Total";"43 years";2;4
"1998";"Total";"44 years";2;0
"1998";"Total";"45 years";3;2
"1998";"Total";"46 years";3;2
"1998";"Total";"47 years";2;3
"1998";"Total";"48 years";2;1
"1998";"Total";"49 years";3;4
"1998";"Total";"50 years";3;9
"1998";"Total";"51 years";4;3
"1998";"Total";"52 years";5;5
"1998";"Total";"53 years";6;0
"1998";"Total";"54 years";6;1
"1998";"Total";"55 years";7;6
"1998";"Total";"56 years";8;6
"1998";"Total";"57 years";12;5
"1998";"Total";"58 years";7;3
"1998";"Total";"59 years";8;6
"1998";"Total";"60 years";7;4
"1998";"Total";"61 years";5;11
"1998";"Total";"62 years";12;9
"1998";"Total";"63 years";12;3
"1998";"Total";"64 years";10;6
"1998";"Total";"65 years";14;10
"1998";"Total";"66 years";16;13
"1998";"Total";"67 years";18;10
"1998";"Total";"68 years";17;11
"1998";"Total";"69 years";14;17
"1998";"Total";"70 years";20;11
"1998";"Total";"71 years";27;14
"1998";"Total";"72 years";28;10
"1998";"Total";"73 years";24;16
"1998";"Total";"74 years";31;20
"1998";"Total";"75 years";32;18
"1998";"Total";"76 years";25;25
"1998";"Total";"77 years";39;25
"1998";"Total";"78 years";40;30
"1998";"Total";"79 years";29;17
"1998";"Total";"80 years";37;24
"1998";"Total";"81 years";31;36
"1998";"Total";"82 years";34;27
"1998";"Total";"83 years";29;36
"1998";"Total";"84 years";22;32
"1998";"Total";"85 years";30;33
"1998";"Total";"86 years";23;41
"1998";"Total";"87 years";22;33
"1998";"Total";"88 years";31;30
"1998";"Total";"89 years";21;28
"1998";"Total";"90 years";16;32
"1998";"Total";"91 years";19;34
"1998";"Total";"92 years";15;25
"1998";"Total";"93 years";11;15
"1998";"Total";"94 years";10;23
"1998";"Total";"95 years";9;12
"1998";"Total";"96 years";5;7
"1998";"Total";"97 years";6;9
"1998";"Total";"98 years";2;5
"1998";"Total";"99 years";2;7
"1998";"Total";"100 years";1;5
"1998";"Total";"101 years";1;3
"1998";"Total";"102 years";1;1
"1998";"Total";"103 years";0;1
"1998";"Total";"104 years";0;2
"1998";"Total";"105 years";0;0
"1998";"Total";"106 years";0;0
"1998";"Total";"107 years";0;0
"1998";"Total";"108 years";0;0
"1998";"Total";"109 years";0;0
"1999";"Total";"On 1st year";6;4
"1999";"Total";"1 year";0;0
"1999";"Total";"2 years";0;0
"1999";"Total";"3 years";0;0
"1999";"Total";"4 years";0;0
"1999";"Total";"5 years";0;0
"1999";"Total";"6 years";3;0
"1999";"Total";"7 years";1;0
"1999";"Total";"8 years";0;1
"1999";"Total";"9 years";2;0
"1999";"Total";"10 years";0;2
"1999";"Total";"11 years";0;0
"1999";"Total";"12 years";0;0
"1999";"Total";"13 years";0;0
"1999";"Total";"14 years";0;0
"1999";"Total";"15 years";1;1
"1999";"Total";"16 years";0;0
"1999";"Total";"17 years";2;2
"1999";"Total";"18 years";1;1
"1999";"Total";"19 years";2;0
"1999";"Total";"20 years";2;1
"1999";"Total";"21 years";3;0
"1999";"Total";"22 years";3;1
"1999";"Total";"23 years";2;1
"1999";"Total";"24 years";1;0
"1999";"Total";"25 years";4;1
"1999";"Total";"26 years";2;0
"1999";"Total";"27 years";0;1
"1999";"Total";"28 years";0;1
"1999";"Total";"29 years";0;2
"1999";"Total";"30 years";0;0
"1999";"Total";"31 years";1;2
"1999";"Total";"32 years";3;2
"1999";"Total";"33 years";1;2
"1999";"Total";"34 years";1;0
"1999";"Total";"35 years";2;0
"1999";"Total";"36 years";5;0
"1999";"Total";"37 years";3;0
"1999";"Total";"38 years";2;1
"1999";"Total";"39 years";1;1
"1999";"Total";"40 years";0;1
"1999";"Total";"41 years";2;0
"1999";"Total";"42 years";3;3
"1999";"Total";"43 years";2;1
"1999";"Total";"44 years";6;2
"1999";"Total";"45 years";5;5
"1999";"Total";"46 years";4;0
"1999";"Total";"47 years";5;3
"1999";"Total";"48 years";7;5
"1999";"Total";"49 years";4;1
"1999";"Total";"50 years";1;6
"1999";"Total";"51 years";6;2
"1999";"Total";"52 years";6;2
"1999";"Total";"53 years";4;5
"1999";"Total";"54 years";11;4
"1999";"Total";"55 years";4;8
"1999";"Total";"56 years";13;2
"1999";"Total";"57 years";9;3
"1999";"Total";"58 years";15;8
"1999";"Total";"59 years";4;9
"1999";"Total";"60 years";11;8
"1999";"Total";"61 years";6;5
"1999";"Total";"62 years";10;4
"1999";"Total";"63 years";10;5
"1999";"Total";"64 years";17;11
"1999";"Total";"65 years";13;16
"1999";"Total";"66 years";15;7
"1999";"Total";"67 years";14;12
"1999";"Total";"68 years";20;10
"1999";"Total";"69 years";19;18
"1999";"Total";"70 years";18;15
"1999";"Total";"71 years";25;20
"1999";"Total";"72 years";23;13
"1999";"Total";"73 years";27;18
"1999";"Total";"74 years";32;15
"1999";"Total";"75 years";27;20
"1999";"Total";"76 years";28;24
"1999";"Total";"77 years";28;14
"1999";"Total";"78 years";27;25
"1999";"Total";"79 years";31;22
"1999";"Total";"80 years";35;33
"1999";"Total";"81 years";26;36
"1999";"Total";"82 years";32;33
"1999";"Total";"83 years";35;43
"1999";"Total";"84 years";32;52
"1999";"Total";"85 years";25;31
"1999";"Total";"86 years";31;45
"1999";"Total";"87 years";30;42
"1999";"Total";"88 years";19;37
"1999";"Total";"89 years";22;23
"1999";"Total";"90 years";22;32
"1999";"Total";"91 years";25;23
"1999";"Total";"92 years";9;27
"1999";"Total";"93 years";15;26
"1999";"Total";"94 years";8;15
"1999";"Total";"95 years";7;16
"1999";"Total";"96 years";8;8
"1999";"Total";"97 years";6;10
"1999";"Total";"98 years";8;13
"1999";"Total";"99 years";1;7
"1999";"Total";"100 years";1;2
"1999";"Total";"101 years";0;2
"1999";"Total";"102 years";0;1
"1999";"Total";"103 years";1;1
"1999";"Total";"104 years";0;0
"1999";"Total";"105 years";0;0
"1999";"Total";"106 years";0;0
"1999";"Total";"107 years";0;0
"1999";"Total";"108 years";0;0
"1999";"Total";"109 years";0;0
"2000";"Total";"On 1st year";10;3
"2000";"Total";"1 year";0;0
"2000";"Total";"2 years";1;0
"2000";"Total";"3 years";0;1
"2000";"Total";"4 years";0;2
"2000";"Total";"5 years";1;0
"2000";"Total";"6 years";1;0
"2000";"Total";"7 years";0;0
"2000";"Total";"8 years";0;0
"2000";"Total";"9 years";0;0
"2000";"Total";"10 years";1;0
"2000";"Total";"11 years";0;0
"2000";"Total";"12 years";0;0
"2000";"Total";"13 years";0;0
"2000";"Total";"14 years";0;0
"2000";"Total";"15 years";2;0
"2000";"Total";"16 years";1;2
"2000";"Total";"17 years";1;1
"2000";"Total";"18 years";2;0
"2000";"Total";"19 years";3;2
"2000";"Total";"20 years";7;1
"2000";"Total";"21 years";1;2
"2000";"Total";"22 years";3;0
"2000";"Total";"23 years";3;1
"2000";"Total";"24 years";3;0
"2000";"Total";"25 years";0;0
"2000";"Total";"26 years";1;0
"2000";"Total";"27 years";5;0
"2000";"Total";"28 years";3;0
"2000";"Total";"29 years";3;0
"2000";"Total";"30 years";3;1
"2000";"Total";"31 years";1;0
"2000";"Total";"32 years";0;0
"2000";"Total";"33 years";5;0
"2000";"Total";"34 years";5;0
"2000";"Total";"35 years";2;0
"2000";"Total";"36 years";1;1
"2000";"Total";"37 years";4;3
"2000";"Total";"38 years";2;1
"2000";"Total";"39 years";5;0
"2000";"Total";"40 years";3;1
"2000";"Total";"41 years";4;2
"2000";"Total";"42 years";4;4
"2000";"Total";"43 years";3;1
"2000";"Total";"44 years";4;1
"2000";"Total";"45 years";4;4
"2000";"Total";"46 years";4;3
"2000";"Total";"47 years";5;1
"2000";"Total";"48 years";5;2
"2000";"Total";"49 years";5;6
"2000";"Total";"50 years";10;3
"2000";"Total";"51 years";7;2
"2000";"Total";"52 years";12;2
"2000";"Total";"53 years";4;4
"2000";"Total";"54 years";8;4
"2000";"Total";"55 years";8;9
"2000";"Total";"56 years";5;10
"2000";"Total";"57 years";6;4
"2000";"Total";"58 years";9;7
"2000";"Total";"59 years";7;8
"2000";"Total";"60 years";7;6
"2000";"Total";"61 years";4;7
"2000";"Total";"62 years";11;11
"2000";"Total";"63 years";12;6
"2000";"Total";"64 years";5;16
"2000";"Total";"65 years";9;7
"2000";"Total";"66 years";15;9
"2000";"Total";"67 years";17;17
"2000";"Total";"68 years";26;9
"2000";"Total";"69 years";14;16
"2000";"Total";"70 years";19;20
"2000";"Total";"71 years";28;17
"2000";"Total";"72 years";20;11
"2000";"Total";"73 years";18;16
"2000";"Total";"74 years";29;20
"2000";"Total";"75 years";22;15
"2000";"Total";"76 years";24;22
"2000";"Total";"77 years";32;32
"2000";"Total";"78 years";32;22
"2000";"Total";"79 years";24;40
"2000";"Total";"80 years";31;33
"2000";"Total";"81 years";28;33
"2000";"Total";"82 years";26;25
"2000";"Total";"83 years";33;35
"2000";"Total";"84 years";16;26
"2000";"Total";"85 years";23;34
"2000";"Total";"86 years";20;37
"2000";"Total";"87 years";18;36
"2000";"Total";"88 years";25;26
"2000";"Total";"89 years";18;34
"2000";"Total";"90 years";14;35
"2000";"Total";"91 years";24;29
"2000";"Total";"92 years";13;19
"2000";"Total";"93 years";16;15
"2000";"Total";"94 years";14;19
"2000";"Total";"95 years";9;19
"2000";"Total";"96 years";6;11
"2000";"Total";"97 years";2;14
"2000";"Total";"98 years";1;3
"2000";"Total";"99 years";4;7
"2000";"Total";"100 years";4;8
"2000";"Total";"101 years";0;1
"2000";"Total";"102 years";0;0
"2000";"Total";"103 years";0;0
"2000";"Total";"104 years";0;0
"2000";"Total";"105 years";0;0
"2000";"Total";"106 years";0;1
"2000";"Total";"107 years";0;0
"2000";"Total";"108 years";0;0
"2000";"Total";"109 years";0;0
"2001";"Total";"On 1st year";5;6
"2001";"Total";"1 year";2;0
"2001";"Total";"2 years";1;0
"2001";"Total";"3 years";0;0
"2001";"Total";"4 years";0;0
"2001";"Total";"5 years";0;0
"2001";"Total";"6 years";0;1
"2001";"Total";"7 years";0;0
"2001";"Total";"8 years";0;1
"2001";"Total";"9 years";0;0
"2001";"Total";"10 years";1;1
"2001";"Total";"11 years";0;0
"2001";"Total";"12 years";0;0
"2001";"Total";"13 years";0;1
"2001";"Total";"14 years";1;0
"2001";"Total";"15 years";0;0
"2001";"Total";"16 years";1;0
"2001";"Total";"17 years";3;0
"2001";"Total";"18 years";4;2
"2001";"Total";"19 years";2;0
"2001";"Total";"20 years";6;1
"2001";"Total";"21 years";2;0
"2001";"Total";"22 years";0;2
"2001";"Total";"23 years";3;0
"2001";"Total";"24 years";3;1
"2001";"Total";"25 years";0;1
"2001";"Total";"26 years";3;1
"2001";"Total";"27 years";1;0
"2001";"Total";"28 years";6;2
"2001";"Total";"29 years";1;0
"2001";"Total";"30 years";2;0
"2001";"Total";"31 years";3;1
"2001";"Total";"32 years";1;1
"2001";"Total";"33 years";1;0
"2001";"Total";"34 years";1;1
"2001";"Total";"35 years";0;0
"2001";"Total";"36 years";0;0
"2001";"Total";"37 years";1;0
"2001";"Total";"38 years";1;1
"2001";"Total";"39 years";2;0
"2001";"Total";"40 years";5;4
"2001";"Total";"41 years";3;1
"2001";"Total";"42 years";1;2
"2001";"Total";"43 years";2;2
"2001";"Total";"44 years";10;4
"2001";"Total";"45 years";5;1
"2001";"Total";"46 years";2;2
"2001";"Total";"47 years";4;6
"2001";"Total";"48 years";2;2
"2001";"Total";"49 years";3;3
"2001";"Total";"50 years";5;5
"2001";"Total";"51 years";5;2
"2001";"Total";"52 years";5;4
"2001";"Total";"53 years";10;4
"2001";"Total";"54 years";4;5
"2001";"Total";"55 years";9;3
"2001";"Total";"56 years";7;5
"2001";"Total";"57 years";3;7
"2001";"Total";"58 years";15;4
"2001";"Total";"59 years";8;10
"2001";"Total";"60 years";6;6
"2001";"Total";"61 years";8;8
"2001";"Total";"62 years";8;5
"2001";"Total";"63 years";9;6
"2001";"Total";"64 years";12;5
"2001";"Total";"65 years";9;11
"2001";"Total";"66 years";18;8
"2001";"Total";"67 years";15;2
"2001";"Total";"68 years";9;9
"2001";"Total";"69 years";21;20
"2001";"Total";"70 years";35;16
"2001";"Total";"71 years";21;10
"2001";"Total";"72 years";30;21
"2001";"Total";"73 years";23;16
"2001";"Total";"74 years";20;20
"2001";"Total";"75 years";31;15
"2001";"Total";"76 years";36;23
"2001";"Total";"77 years";30;15
"2001";"Total";"78 years";18;20
"2001";"Total";"79 years";28;27
"2001";"Total";"80 years";30;30
"2001";"Total";"81 years";37;28
"2001";"Total";"82 years";27;23
"2001";"Total";"83 years";30;25
"2001";"Total";"84 years";29;26
"2001";"Total";"85 years";27;25
"2001";"Total";"86 years";15;30
"2001";"Total";"87 years";29;39
"2001";"Total";"88 years";30;33
"2001";"Total";"89 years";18;31
"2001";"Total";"90 years";16;27
"2001";"Total";"91 years";13;14
"2001";"Total";"92 years";20;23
"2001";"Total";"93 years";9;19
"2001";"Total";"94 years";16;17
"2001";"Total";"95 years";5;9
"2001";"Total";"96 years";7;8
"2001";"Total";"97 years";3;14
"2001";"Total";"98 years";3;7
"2001";"Total";"99 years";1;2
"2001";"Total";"100 years";1;3
"2001";"Total";"101 years";2;0
"2001";"Total";"102 years";1;0
"2001";"Total";"103 years";1;3
"2001";"Total";"104 years";1;1
"2001";"Total";"105 years";1;1
"2001";"Total";"106 years";0;0
"2001";"Total";"107 years";0;0
"2001";"Total";"108 years";0;0
"2001";"Total";"109 years";0;0
"2002";"Total";"On 1st year";7;2
"2002";"Total";"1 year";2;2
"2002";"Total";"2 years";1;1
"2002";"Total";"3 years";0;0
"2002";"Total";"4 years";0;0
"2002";"Total";"5 years";0;1
"2002";"Total";"6 years";0;0
"2002";"Total";"7 years";0;0
"2002";"Total";"8 years";1;1
"2002";"Total";"9 years";0;3
"2002";"Total";"10 years";0;0
"2002";"Total";"11 years";0;1
"2002";"Total";"12 years";1;0
"2002";"Total";"13 years";0;0
"2002";"Total";"14 years";0;1
"2002";"Total";"15 years";0;0
"2002";"Total";"16 years";0;0
"2002";"Total";"17 years";0;0
"2002";"Total";"18 years";0;0
"2002";"Total";"19 years";1;0
"2002";"Total";"20 years";0;3
"2002";"Total";"21 years";0;1
"2002";"Total";"22 years";3;0
"2002";"Total";"23 years";3;0
"2002";"Total";"24 years";1;1
"2002";"Total";"25 years";4;3
"2002";"Total";"26 years";4;1
"2002";"Total";"27 years";2;0
"2002";"Total";"28 years";3;0
"2002";"Total";"29 years";1;1
"2002";"Total";"30 years";0;0
"2002";"Total";"31 years";3;1
"2002";"Total";"32 years";1;2
"2002";"Total";"33 years";2;0
"2002";"Total";"34 years";1;2
"2002";"Total";"35 years";3;4
"2002";"Total";"36 years";1;0
"2002";"Total";"37 years";0;1
"2002";"Total";"38 years";4;2
"2002";"Total";"39 years";2;3
"2002";"Total";"40 years";2;1
"2002";"Total";"41 years";2;1
"2002";"Total";"42 years";3;2
"2002";"Total";"43 years";4;4
"2002";"Total";"44 years";4;5
"2002";"Total";"45 years";3;4
"2002";"Total";"46 years";2;1
"2002";"Total";"47 years";3;1
"2002";"Total";"48 years";8;5
"2002";"Total";"49 years";6;2
"2002";"Total";"50 years";5;3
"2002";"Total";"51 years";10;5
"2002";"Total";"52 years";4;7
"2002";"Total";"53 years";2;4
"2002";"Total";"54 years";9;4
"2002";"Total";"55 years";9;6
"2002";"Total";"56 years";9;6
"2002";"Total";"57 years";12;8
"2002";"Total";"58 years";10;3
"2002";"Total";"59 years";7;1
"2002";"Total";"60 years";7;11
"2002";"Total";"61 years";5;8
"2002";"Total";"62 years";7;2
"2002";"Total";"63 years";14;4
"2002";"Total";"64 years";13;12
"2002";"Total";"65 years";12;6
"2002";"Total";"66 years";5;5
"2002";"Total";"67 years";15;13
"2002";"Total";"68 years";18;8
"2002";"Total";"69 years";18;9
"2002";"Total";"70 years";20;12
"2002";"Total";"71 years";21;7
"2002";"Total";"72 years";28;15
"2002";"Total";"73 years";25;28
"2002";"Total";"74 years";28;15
"2002";"Total";"75 years";28;15
"2002";"Total";"76 years";30;22
"2002";"Total";"77 years";33;15
"2002";"Total";"78 years";28;17
"2002";"Total";"79 years";36;28
"2002";"Total";"80 years";41;30
"2002";"Total";"81 years";42;34
"2002";"Total";"82 years";32;35
"2002";"Total";"83 years";25;44
"2002";"Total";"84 years";29;35
"2002";"Total";"85 years";31;33
"2002";"Total";"86 years";26;35
"2002";"Total";"87 years";22;40
"2002";"Total";"88 years";28;30
"2002";"Total";"89 years";17;35
"2002";"Total";"90 years";17;23
"2002";"Total";"91 years";14;30
"2002";"Total";"92 years";17;26
"2002";"Total";"93 years";8;18
"2002";"Total";"94 years";5;20
"2002";"Total";"95 years";7;13
"2002";"Total";"96 years";5;15
"2002";"Total";"97 years";5;9
"2002";"Total";"98 years";2;7
"2002";"Total";"99 years";3;2
"2002";"Total";"100 years";2;5
"2002";"Total";"101 years";2;4
"2002";"Total";"102 years";0;0
"2002";"Total";"103 years";0;1
"2002";"Total";"104 years";0;0
"2002";"Total";"105 years";0;0
"2002";"Total";"106 years";0;0
"2002";"Total";"107 years";0;0
"2002";"Total";"108 years";0;0
"2002";"Total";"109 years";0;0
"2003";"Total";"On 1st year";6;4
"2003";"Total";"1 year";0;2
"2003";"Total";"2 years";0;0
"2003";"Total";"3 years";0;0
"2003";"Total";"4 years";0;0
"2003";"Total";"5 years";2;0
"2003";"Total";"6 years";0;0
"2003";"Total";"7 years";0;1
"2003";"Total";"8 years";1;0
"2003";"Total";"9 years";0;0
"2003";"Total";"10 years";0;0
"2003";"Total";"11 years";1;0
"2003";"Total";"12 years";0;0
"2003";"Total";"13 years";1;0
"2003";"Total";"14 years";0;0
"2003";"Total";"15 years";0;1
"2003";"Total";"16 years";1;1
"2003";"Total";"17 years";0;0
"2003";"Total";"18 years";1;1
"2003";"Total";"19 years";0;0
"2003";"Total";"20 years";1;1
"2003";"Total";"21 years";1;0
"2003";"Total";"22 years";3;2
"2003";"Total";"23 years";0;0
"2003";"Total";"24 years";2;0
"2003";"Total";"25 years";1;1
"2003";"Total";"26 years";1;1
"2003";"Total";"27 years";1;0
"2003";"Total";"28 years";0;0
"2003";"Total";"29 years";4;0
"2003";"Total";"30 years";3;2
"2003";"Total";"31 years";0;1
"2003";"Total";"32 years";1;0
"2003";"Total";"33 years";0;1
"2003";"Total";"34 years";1;0
"2003";"Total";"35 years";0;1
"2003";"Total";"36 years";2;1
"2003";"Total";"37 years";0;3
"2003";"Total";"38 years";0;1
"2003";"Total";"39 years";2;0
"2003";"Total";"40 years";0;1
"2003";"Total";"41 years";1;0
"2003";"Total";"42 years";3;4
"2003";"Total";"43 years";3;3
"2003";"Total";"44 years";2;5
"2003";"Total";"45 years";4;1
"2003";"Total";"46 years";5;2
"2003";"Total";"47 years";4;2
"2003";"Total";"48 years";1;2
"2003";"Total";"49 years";6;1
"2003";"Total";"50 years";2;1
"2003";"Total";"51 years";5;2
"2003";"Total";"52 years";8;3
"2003";"Total";"53 years";5;7
"2003";"Total";"54 years";6;7
"2003";"Total";"55 years";8;12
"2003";"Total";"56 years";3;5
"2003";"Total";"57 years";6;7
"2003";"Total";"58 years";15;2
"2003";"Total";"59 years";10;5
"2003";"Total";"60 years";14;6
"2003";"Total";"61 years";8;8
"2003";"Total";"62 years";10;4
"2003";"Total";"63 years";8;4
"2003";"Total";"64 years";11;7
"2003";"Total";"65 years";13;10
"2003";"Total";"66 years";9;8
"2003";"Total";"67 years";12;11
"2003";"Total";"68 years";11;6
"2003";"Total";"69 years";14;13
"2003";"Total";"70 years";16;15
"2003";"Total";"71 years";19;16
"2003";"Total";"72 years";33;20
"2003";"Total";"73 years";22;23
"2003";"Total";"74 years";24;20
"2003";"Total";"75 years";27;17
"2003";"Total";"76 years";31;18
"2003";"Total";"77 years";27;15
"2003";"Total";"78 years";27;28
"2003";"Total";"79 years";24;23
"2003";"Total";"80 years";37;27
"2003";"Total";"81 years";35;33
"2003";"Total";"82 years";35;39
"2003";"Total";"83 years";32;44
"2003";"Total";"84 years";25;26
"2003";"Total";"85 years";30;41
"2003";"Total";"86 years";34;29
"2003";"Total";"87 years";23;37
"2003";"Total";"88 years";21;44
"2003";"Total";"89 years";24;39
"2003";"Total";"90 years";27;37
"2003";"Total";"91 years";19;28
"2003";"Total";"92 years";18;20
"2003";"Total";"93 years";9;25
"2003";"Total";"94 years";11;23
"2003";"Total";"95 years";5;12
"2003";"Total";"96 years";5;11
"2003";"Total";"97 years";5;15
"2003";"Total";"98 years";7;4
"2003";"Total";"99 years";3;8
"2003";"Total";"100 years";2;4
"2003";"Total";"101 years";1;4
"2003";"Total";"102 years";0;2
"2003";"Total";"103 years";0;2
"2003";"Total";"104 years";0;0
"2003";"Total";"105 years";0;0
"2003";"Total";"106 years";0;0
"2003";"Total";"107 years";0;2
"2003";"Total";"108 years";0;0
"2003";"Total";"109 years";0;0
"2004";"Total";"On 1st year";6;6
"2004";"Total";"1 year";0;0
"2004";"Total";"2 years";0;1
"2004";"Total";"3 years";0;0
"2004";"Total";"4 years";0;0
"2004";"Total";"5 years";0;0
"2004";"Total";"6 years";0;0
"2004";"Total";"7 years";0;0
"2004";"Total";"8 years";0;0
"2004";"Total";"9 years";0;1
"2004";"Total";"10 years";0;0
"2004";"Total";"11 years";1;1
"2004";"Total";"12 years";0;0
"2004";"Total";"13 years";0;2
"2004";"Total";"14 years";1;1
"2004";"Total";"15 years";0;0
"2004";"Total";"16 years";0;0
"2004";"Total";"17 years";3;1
"2004";"Total";"18 years";1;0
"2004";"Total";"19 years";0;0
"2004";"Total";"20 years";3;0
"2004";"Total";"21 years";4;1
"2004";"Total";"22 years";2;1
"2004";"Total";"23 years";2;1
"2004";"Total";"24 years";3;0
"2004";"Total";"25 years";3;2
"2004";"Total";"26 years";1;2
"2004";"Total";"27 years";1;0
"2004";"Total";"28 years";1;0
"2004";"Total";"29 years";0;1
"2004";"Total";"30 years";2;1
"2004";"Total";"31 years";1;3
"2004";"Total";"32 years";0;0
"2004";"Total";"33 years";2;4
"2004";"Total";"34 years";1;1
"2004";"Total";"35 years";3;1
"2004";"Total";"36 years";1;1
"2004";"Total";"37 years";0;0
"2004";"Total";"38 years";1;1
"2004";"Total";"39 years";1;0
"2004";"Total";"40 years";6;1
"2004";"Total";"41 years";2;5
"2004";"Total";"42 years";1;2
"2004";"Total";"43 years";2;1
"2004";"Total";"44 years";4;2
"2004";"Total";"45 years";5;2
"2004";"Total";"46 years";3;2
"2004";"Total";"47 years";7;0
"2004";"Total";"48 years";8;3
"2004";"Total";"49 years";10;2
"2004";"Total";"50 years";2;2
"2004";"Total";"51 years";6;5
"2004";"Total";"52 years";6;7
"2004";"Total";"53 years";6;3
"2004";"Total";"54 years";5;5
"2004";"Total";"55 years";6;10
"2004";"Total";"56 years";5;3
"2004";"Total";"57 years";8;3
"2004";"Total";"58 years";8;10
"2004";"Total";"59 years";8;3
"2004";"Total";"60 years";6;2
"2004";"Total";"61 years";8;8
"2004";"Total";"62 years";11;3
"2004";"Total";"63 years";19;7
"2004";"Total";"64 years";15;10
"2004";"Total";"65 years";7;7
"2004";"Total";"66 years";14;8
"2004";"Total";"67 years";13;15
"2004";"Total";"68 years";10;11
"2004";"Total";"69 years";19;12
"2004";"Total";"70 years";18;11
"2004";"Total";"71 years";17;15
"2004";"Total";"72 years";19;17
"2004";"Total";"73 years";22;23
"2004";"Total";"74 years";23;16
"2004";"Total";"75 years";30;15
"2004";"Total";"76 years";31;14
"2004";"Total";"77 years";40;27
"2004";"Total";"78 years";37;33
"2004";"Total";"79 years";39;29
"2004";"Total";"80 years";42;38
"2004";"Total";"81 years";26;31
"2004";"Total";"82 years";36;22
"2004";"Total";"83 years";31;27
"2004";"Total";"84 years";26;28
"2004";"Total";"85 years";31;22
"2004";"Total";"86 years";20;33
"2004";"Total";"87 years";36;28
"2004";"Total";"88 years";20;33
"2004";"Total";"89 years";31;25
"2004";"Total";"90 years";26;38
"2004";"Total";"91 years";20;33
"2004";"Total";"92 years";15;23
"2004";"Total";"93 years";18;14
"2004";"Total";"94 years";9;20
"2004";"Total";"95 years";10;12
"2004";"Total";"96 years";3;15
"2004";"Total";"97 years";4;8
"2004";"Total";"98 years";3;8
"2004";"Total";"99 years";1;9
"2004";"Total";"100 years";3;1
"2004";"Total";"101 years";0;5
"2004";"Total";"102 years";0;0
"2004";"Total";"103 years";2;1
"2004";"Total";"104 years";0;0
"2004";"Total";"105 years";0;0
"2004";"Total";"106 years";0;0
"2004";"Total";"107 years";0;0
"2004";"Total";"108 years";0;0
"2004";"Total";"109 years";0;0
"2005";"Total";"On 1st year";6;4
"2005";"Total";"1 year";2;0
"2005";"Total";"2 years";0;1
"2005";"Total";"3 years";0;0
"2005";"Total";"4 years";0;0
"2005";"Total";"5 years";0;0
"2005";"Total";"6 years";0;1
"2005";"Total";"7 years";0;0
"2005";"Total";"8 years";0;0
"2005";"Total";"9 years";0;0
"2005";"Total";"10 years";0;0
"2005";"Total";"11 years";0;0
"2005";"Total";"12 years";0;0
"2005";"Total";"13 years";0;0
"2005";"Total";"14 years";0;1
"2005";"Total";"15 years";1;0
"2005";"Total";"16 years";1;0
"2005";"Total";"17 years";0;0
"2005";"Total";"18 years";6;1
"2005";"Total";"19 years";1;1
"2005";"Total";"20 years";2;0
"2005";"Total";"21 years";1;1
"2005";"Total";"22 years";1;0
"2005";"Total";"23 years";3;0
"2005";"Total";"24 years";1;1
"2005";"Total";"25 years";2;0
"2005";"Total";"26 years";1;0
"2005";"Total";"27 years";0;1
"2005";"Total";"28 years";1;0
"2005";"Total";"29 years";1;0
"2005";"Total";"30 years";0;1
"2005";"Total";"31 years";1;0
"2005";"Total";"32 years";2;0
"2005";"Total";"33 years";1;0
"2005";"Total";"34 years";1;1
"2005";"Total";"35 years";0;0
"2005";"Total";"36 years";0;2
"2005";"Total";"37 years";1;1
"2005";"Total";"38 years";3;1
"2005";"Total";"39 years";3;0
"2005";"Total";"40 years";1;1
"2005";"Total";"41 years";2;0
"2005";"Total";"42 years";1;2
"2005";"Total";"43 years";3;0
"2005";"Total";"44 years";3;2
"2005";"Total";"45 years";2;2
"2005";"Total";"46 years";3;6
"2005";"Total";"47 years";3;1
"2005";"Total";"48 years";3;5
"2005";"Total";"49 years";6;6
"2005";"Total";"50 years";9;2
"2005";"Total";"51 years";3;4
"2005";"Total";"52 years";7;5
"2005";"Total";"53 years";5;10
"2005";"Total";"54 years";4;3
"2005";"Total";"55 years";10;5
"2005";"Total";"56 years";10;4
"2005";"Total";"57 years";11;6
"2005";"Total";"58 years";8;7
"2005";"Total";"59 years";8;7
"2005";"Total";"60 years";19;3
"2005";"Total";"61 years";12;8
"2005";"Total";"62 years";12;8
"2005";"Total";"63 years";16;5
"2005";"Total";"64 years";8;4
"2005";"Total";"65 years";9;8
"2005";"Total";"66 years";10;9
"2005";"Total";"67 years";13;8
"2005";"Total";"68 years";16;7
"2005";"Total";"69 years";16;14
"2005";"Total";"70 years";13;15
"2005";"Total";"71 years";8;13
"2005";"Total";"72 years";20;17
"2005";"Total";"73 years";30;8
"2005";"Total";"74 years";30;15
"2005";"Total";"75 years";24;19
"2005";"Total";"76 years";29;22
"2005";"Total";"77 years";27;19
"2005";"Total";"78 years";34;24
"2005";"Total";"79 years";23;28
"2005";"Total";"80 years";32;38
"2005";"Total";"81 years";36;33
"2005";"Total";"82 years";33;39
"2005";"Total";"83 years";47;35
"2005";"Total";"84 years";47;32
"2005";"Total";"85 years";35;38
"2005";"Total";"86 years";23;48
"2005";"Total";"87 years";29;28
"2005";"Total";"88 years";25;31
"2005";"Total";"89 years";20;33
"2005";"Total";"90 years";15;24
"2005";"Total";"91 years";15;30
"2005";"Total";"92 years";14;31
"2005";"Total";"93 years";17;21
"2005";"Total";"94 years";8;18
"2005";"Total";"95 years";11;18
"2005";"Total";"96 years";8;13
"2005";"Total";"97 years";6;7
"2005";"Total";"98 years";2;11
"2005";"Total";"99 years";2;3
"2005";"Total";"100 years";3;3
"2005";"Total";"101 years";2;5
"2005";"Total";"102 years";1;2
"2005";"Total";"103 years";0;0
"2005";"Total";"104 years";0;1
"2005";"Total";"105 years";0;0
"2005";"Total";"106 years";0;1
"2005";"Total";"107 years";0;0
"2005";"Total";"108 years";0;0
"2005";"Total";"109 years";0;0
"2006";"Total";"On 1st year";3;3
"2006";"Total";"1 year";1;1
"2006";"Total";"2 years";1;1
"2006";"Total";"3 years";0;0
"2006";"Total";"4 years";0;0
"2006";"Total";"5 years";0;1
"2006";"Total";"6 years";0;0
"2006";"Total";"7 years";0;0
"2006";"Total";"8 years";0;0
"2006";"Total";"9 years";0;0
"2006";"Total";"10 years";0;0
"2006";"Total";"11 years";0;0
"2006";"Total";"12 years";0;1
"2006";"Total";"13 years";2;0
"2006";"Total";"14 years";1;0
"2006";"Total";"15 years";0;1
"2006";"Total";"16 years";0;2
"2006";"Total";"17 years";2;1
"2006";"Total";"18 years";1;2
"2006";"Total";"19 years";3;0
"2006";"Total";"20 years";0;1
"2006";"Total";"21 years";4;1
"2006";"Total";"22 years";2;0
"2006";"Total";"23 years";1;0
"2006";"Total";"24 years";4;1
"2006";"Total";"25 years";0;0
"2006";"Total";"26 years";4;0
"2006";"Total";"27 years";3;0
"2006";"Total";"28 years";3;0
"2006";"Total";"29 years";3;2
"2006";"Total";"30 years";2;0
"2006";"Total";"31 years";2;0
"2006";"Total";"32 years";0;1
"2006";"Total";"33 years";1;0
"2006";"Total";"34 years";3;2
"2006";"Total";"35 years";2;1
"2006";"Total";"36 years";3;1
"2006";"Total";"37 years";2;1
"2006";"Total";"38 years";2;0
"2006";"Total";"39 years";0;1
"2006";"Total";"40 years";1;0
"2006";"Total";"41 years";3;2
"2006";"Total";"42 years";3;4
"2006";"Total";"43 years";1;1
"2006";"Total";"44 years";4;1
"2006";"Total";"45 years";4;2
"2006";"Total";"46 years";4;1
"2006";"Total";"47 years";7;1
"2006";"Total";"48 years";6;2
"2006";"Total";"49 years";3;7
"2006";"Total";"50 years";5;4
"2006";"Total";"51 years";3;4
"2006";"Total";"52 years";13;4
"2006";"Total";"53 years";6;3
"2006";"Total";"54 years";5;8
"2006";"Total";"55 years";7;12
"2006";"Total";"56 years";14;6
"2006";"Total";"57 years";9;7
"2006";"Total";"58 years";7;4
"2006";"Total";"59 years";9;10
"2006";"Total";"60 years";12;3
"2006";"Total";"61 years";16;4
"2006";"Total";"62 years";13;9
"2006";"Total";"63 years";9;9
"2006";"Total";"64 years";13;10
"2006";"Total";"65 years";11;8
"2006";"Total";"66 years";15;15
"2006";"Total";"67 years";13;14
"2006";"Total";"68 years";15;8
"2006";"Total";"69 years";18;14
"2006";"Total";"70 years";20;17
"2006";"Total";"71 years";14;9
"2006";"Total";"72 years";17;16
"2006";"Total";"73 years";22;10
"2006";"Total";"74 years";29;20
"2006";"Total";"75 years";27;26
"2006";"Total";"76 years";23;29
"2006";"Total";"77 years";22;18
"2006";"Total";"78 years";27;32
"2006";"Total";"79 years";33;28
"2006";"Total";"80 years";21;22
"2006";"Total";"81 years";32;21
"2006";"Total";"82 years";41;26
"2006";"Total";"83 years";33;44
"2006";"Total";"84 years";28;33
"2006";"Total";"85 years";26;37
"2006";"Total";"86 years";39;34
"2006";"Total";"87 years";32;40
"2006";"Total";"88 years";29;42
"2006";"Total";"89 years";29;38
"2006";"Total";"90 years";33;28
"2006";"Total";"91 years";8;35
"2006";"Total";"92 years";18;29
"2006";"Total";"93 years";15;19
"2006";"Total";"94 years";13;24
"2006";"Total";"95 years";5;12
"2006";"Total";"96 years";5;15
"2006";"Total";"97 years";5;6
"2006";"Total";"98 years";5;10
"2006";"Total";"99 years";1;6
"2006";"Total";"100 years";0;6
"2006";"Total";"101 years";2;3
"2006";"Total";"102 years";0;3
"2006";"Total";"103 years";0;1
"2006";"Total";"104 years";0;0
"2006";"Total";"105 years";1;0
"2006";"Total";"106 years";0;1
"2006";"Total";"107 years";0;0
"2006";"Total";"108 years";0;0
"2006";"Total";"109 years";0;2
"2007";"Total";"On 1st year";7;2
"2007";"Total";"1 year";0;3
"2007";"Total";"2 years";1;1
"2007";"Total";"3 years";0;0
"2007";"Total";"4 years";1;0
"2007";"Total";"5 years";0;0
"2007";"Total";"6 years";0;0
"2007";"Total";"7 years";0;0
"2007";"Total";"8 years";0;1
"2007";"Total";"9 years";1;0
"2007";"Total";"10 years";1;0
"2007";"Total";"11 years";1;0
"2007";"Total";"12 years";0;0
"2007";"Total";"13 years";0;0
"2007";"Total";"14 years";0;0
"2007";"Total";"15 years";0;0
"2007";"Total";"16 years";1;0
"2007";"Total";"17 years";1;0
"2007";"Total";"18 years";1;0
"2007";"Total";"19 years";1;0
"2007";"Total";"20 years";1;1
"2007";"Total";"21 years";2;0
"2007";"Total";"22 years";4;2
"2007";"Total";"23 years";2;0
"2007";"Total";"24 years";3;0
"2007";"Total";"25 years";1;0
"2007";"Total";"26 years";2;0
"2007";"Total";"27 years";1;1
"2007";"Total";"28 years";3;1
"2007";"Total";"29 years";2;0
"2007";"Total";"30 years";0;2
"2007";"Total";"31 years";2;1
"2007";"Total";"32 years";3;0
"2007";"Total";"33 years";1;0
"2007";"Total";"34 years";0;2
"2007";"Total";"35 years";4;2
"2007";"Total";"36 years";1;0
"2007";"Total";"37 years";3;1
"2007";"Total";"38 years";1;2
"2007";"Total";"39 years";1;0
"2007";"Total";"40 years";1;3
"2007";"Total";"41 years";6;1
"2007";"Total";"42 years";3;2
"2007";"Total";"43 years";3;3
"2007";"Total";"44 years";4;0
"2007";"Total";"45 years";2;2
"2007";"Total";"46 years";5;2
"2007";"Total";"47 years";11;3
"2007";"Total";"48 years";1;3
"2007";"Total";"49 years";4;2
"2007";"Total";"50 years";4;3
"2007";"Total";"51 years";5;1
"2007";"Total";"52 years";9;4
"2007";"Total";"53 years";9;5
"2007";"Total";"54 years";8;4
"2007";"Total";"55 years";12;10
"2007";"Total";"56 years";6;4
"2007";"Total";"57 years";7;5
"2007";"Total";"58 years";3;6
"2007";"Total";"59 years";12;10
"2007";"Total";"60 years";9;5
"2007";"Total";"61 years";6;12
"2007";"Total";"62 years";11;9
"2007";"Total";"63 years";17;7
"2007";"Total";"64 years";13;9
"2007";"Total";"65 years";11;10
"2007";"Total";"66 years";11;13
"2007";"Total";"67 years";10;9
"2007";"Total";"68 years";8;10
"2007";"Total";"69 years";15;8
"2007";"Total";"70 years";22;12
"2007";"Total";"71 years";12;13
"2007";"Total";"72 years";28;16
"2007";"Total";"73 years";30;20
"2007";"Total";"74 years";18;16
"2007";"Total";"75 years";17;33
"2007";"Total";"76 years";31;28
"2007";"Total";"77 years";38;26
"2007";"Total";"78 years";26;36
"2007";"Total";"79 years";40;24
"2007";"Total";"80 years";32;34
"2007";"Total";"81 years";35;24
"2007";"Total";"82 years";41;36
"2007";"Total";"83 years";37;40
"2007";"Total";"84 years";47;31
"2007";"Total";"85 years";29;43
"2007";"Total";"86 years";38;27
"2007";"Total";"87 years";36;39
"2007";"Total";"88 years";28;33
"2007";"Total";"89 years";21;43
"2007";"Total";"90 years";29;26
"2007";"Total";"91 years";22;29
"2007";"Total";"92 years";13;30
"2007";"Total";"93 years";15;15
"2007";"Total";"94 years";12;22
"2007";"Total";"95 years";10;14
"2007";"Total";"96 years";6;11
"2007";"Total";"97 years";1;8
"2007";"Total";"98 years";2;9
"2007";"Total";"99 years";1;8
"2007";"Total";"100 years";1;3
"2007";"Total";"101 years";1;3
"2007";"Total";"102 years";3;2
"2007";"Total";"103 years";0;0
"2007";"Total";"104 years";1;0
"2007";"Total";"105 years";0;0
"2007";"Total";"106 years";0;0
"2007";"Total";"107 years";0;0
"2007";"Total";"108 years";0;0
"2007";"Total";"109 years";0;0
"2008";"Total";"On 1st year";7;5
"2008";"Total";"1 year";0;1
"2008";"Total";"2 years";1;0
"2008";"Total";"3 years";2;1
"2008";"Total";"4 years";0;0
"2008";"Total";"5 years";0;0
"2008";"Total";"6 years";1;0
"2008";"Total";"7 years";0;0
"2008";"Total";"8 years";0;0
"2008";"Total";"9 years";0;0
"2008";"Total";"10 years";1;1
"2008";"Total";"11 years";0;0
"2008";"Total";"12 years";0;0
"2008";"Total";"13 years";0;0
"2008";"Total";"14 years";0;0
"2008";"Total";"15 years";0;0
"2008";"Total";"16 years";0;0
"2008";"Total";"17 years";2;0
"2008";"Total";"18 years";1;0
"2008";"Total";"19 years";3;1
"2008";"Total";"20 years";3;0
"2008";"Total";"21 years";3;0
"2008";"Total";"22 years";2;0
"2008";"Total";"23 years";2;0
"2008";"Total";"24 years";1;0
"2008";"Total";"25 years";0;0
"2008";"Total";"26 years";1;2
"2008";"Total";"27 years";2;0
"2008";"Total";"28 years";0;0
"2008";"Total";"29 years";1;1
"2008";"Total";"30 years";1;0
"2008";"Total";"31 years";2;1
"2008";"Total";"32 years";2;0
"2008";"Total";"33 years";1;0
"2008";"Total";"34 years";1;0
"2008";"Total";"35 years";0;1
"2008";"Total";"36 years";1;1
"2008";"Total";"37 years";1;0
"2008";"Total";"38 years";0;0
"2008";"Total";"39 years";4;2
"2008";"Total";"40 years";1;3
"2008";"Total";"41 years";3;0
"2008";"Total";"42 years";2;4
"2008";"Total";"43 years";3;1
"2008";"Total";"44 years";6;3
"2008";"Total";"45 years";3;1
"2008";"Total";"46 years";3;4
"2008";"Total";"47 years";2;3
"2008";"Total";"48 years";6;4
"2008";"Total";"49 years";5;4
"2008";"Total";"50 years";6;7
"2008";"Total";"51 years";8;2
"2008";"Total";"52 years";6;2
"2008";"Total";"53 years";5;4
"2008";"Total";"54 years";3;3
"2008";"Total";"55 years";9;1
"2008";"Total";"56 years";9;11
"2008";"Total";"57 years";8;6
"2008";"Total";"58 years";8;5
"2008";"Total";"59 years";10;3
"2008";"Total";"60 years";9;8
"2008";"Total";"61 years";12;12
"2008";"Total";"62 years";9;7
"2008";"Total";"63 years";12;5
"2008";"Total";"64 years";15;10
"2008";"Total";"65 years";12;13
"2008";"Total";"66 years";14;9
"2008";"Total";"67 years";21;11
"2008";"Total";"68 years";10;8
"2008";"Total";"69 years";11;6
"2008";"Total";"70 years";24;15
"2008";"Total";"71 years";17;13
"2008";"Total";"72 years";27;17
"2008";"Total";"73 years";24;24
"2008";"Total";"74 years";21;12
"2008";"Total";"75 years";32;18
"2008";"Total";"76 years";29;18
"2008";"Total";"77 years";36;35
"2008";"Total";"78 years";33;31
"2008";"Total";"79 years";29;27
"2008";"Total";"80 years";36;30
"2008";"Total";"81 years";36;35
"2008";"Total";"82 years";31;38
"2008";"Total";"83 years";35;36
"2008";"Total";"84 years";25;42
"2008";"Total";"85 years";34;45
"2008";"Total";"86 years";43;39
"2008";"Total";"87 years";39;36
"2008";"Total";"88 years";38;50
"2008";"Total";"89 years";29;34
"2008";"Total";"90 years";16;45
"2008";"Total";"91 years";9;32
"2008";"Total";"92 years";13;30
"2008";"Total";"93 years";16;27
"2008";"Total";"94 years";12;25
"2008";"Total";"95 years";9;19
"2008";"Total";"96 years";5;11
"2008";"Total";"97 years";4;14
"2008";"Total";"98 years";0;12
"2008";"Total";"99 years";1;5
"2008";"Total";"100 years";3;3
"2008";"Total";"101 years";0;5
"2008";"Total";"102 years";0;3
"2008";"Total";"103 years";0;0
"2008";"Total";"104 years";0;0
"2008";"Total";"105 years";0;2
"2008";"Total";"106 years";0;0
"2008";"Total";"107 years";0;0
"2008";"Total";"108 years";0;0
"2008";"Total";"109 years";0;0
"2009";"Total";"On 1st year";5;4
"2009";"Total";"1 year";2;0
"2009";"Total";"2 years";0;0
"2009";"Total";"3 years";0;0
"2009";"Total";"4 years";0;0
"2009";"Total";"5 years";0;0
"2009";"Total";"6 years";1;0
"2009";"Total";"7 years";0;0
"2009";"Total";"8 years";0;0
"2009";"Total";"9 years";0;0
"2009";"Total";"10 years";0;0
"2009";"Total";"11 years";0;0
"2009";"Total";"12 years";0;0
"2009";"Total";"13 years";1;0
"2009";"Total";"14 years";0;0
"2009";"Total";"15 years";0;0
"2009";"Total";"16 years";0;0
"2009";"Total";"17 years";1;0
"2009";"Total";"18 years";4;1
"2009";"Total";"19 years";0;0
"2009";"Total";"20 years";1;3
"2009";"Total";"21 years";0;1
"2009";"Total";"22 years";0;0
"2009";"Total";"23 years";0;0
"2009";"Total";"24 years";2;1
"2009";"Total";"25 years";0;1
"2009";"Total";"26 years";2;0
"2009";"Total";"27 years";4;0
"2009";"Total";"28 years";1;1
"2009";"Total";"29 years";1;0
"2009";"Total";"30 years";2;0
"2009";"Total";"31 years";4;0
"2009";"Total";"32 years";1;0
"2009";"Total";"33 years";3;1
"2009";"Total";"34 years";6;1
"2009";"Total";"35 years";1;2
"2009";"Total";"36 years";3;2
"2009";"Total";"37 years";1;3
"2009";"Total";"38 years";3;1
"2009";"Total";"39 years";2;2
"2009";"Total";"40 years";2;1
"2009";"Total";"41 years";1;1
"2009";"Total";"42 years";3;1
"2009";"Total";"43 years";5;0
"2009";"Total";"44 years";5;2
"2009";"Total";"45 years";4;2
"2009";"Total";"46 years";4;1
"2009";"Total";"47 years";7;3
"2009";"Total";"48 years";5;5
"2009";"Total";"49 years";5;4
"2009";"Total";"50 years";5;5
"2009";"Total";"51 years";10;4
"2009";"Total";"52 years";6;2
"2009";"Total";"53 years";12;3
"2009";"Total";"54 years";11;3
"2009";"Total";"55 years";8;1
"2009";"Total";"56 years";8;4
"2009";"Total";"57 years";7;9
"2009";"Total";"58 years";6;9
"2009";"Total";"59 years";7;2
"2009";"Total";"60 years";11;5
"2009";"Total";"61 years";17;5
"2009";"Total";"62 years";12;12
"2009";"Total";"63 years";14;7
"2009";"Total";"64 years";13;4
"2009";"Total";"65 years";13;8
"2009";"Total";"66 years";12;6
"2009";"Total";"67 years";11;14
"2009";"Total";"68 years";17;5
"2009";"Total";"69 years";20;11
"2009";"Total";"70 years";15;15
"2009";"Total";"71 years";23;9
"2009";"Total";"72 years";11;18
"2009";"Total";"73 years";19;21
"2009";"Total";"74 years";25;19
"2009";"Total";"75 years";27;25
"2009";"Total";"76 years";34;23
"2009";"Total";"77 years";28;23
"2009";"Total";"78 years";26;27
"2009";"Total";"79 years";32;29
"2009";"Total";"80 years";39;29
"2009";"Total";"81 years";38;38
"2009";"Total";"82 years";36;30
"2009";"Total";"83 years";33;29
"2009";"Total";"84 years";42;34
"2009";"Total";"85 years";30;46
"2009";"Total";"86 years";33;31
"2009";"Total";"87 years";45;48
"2009";"Total";"88 years";20;46
"2009";"Total";"89 years";31;32
"2009";"Total";"90 years";18;37
"2009";"Total";"91 years";34;40
"2009";"Total";"92 years";14;28
"2009";"Total";"93 years";14;30
"2009";"Total";"94 years";11;26
"2009";"Total";"95 years";15;19
"2009";"Total";"96 years";13;17
"2009";"Total";"97 years";7;10
"2009";"Total";"98 years";1;4
"2009";"Total";"99 years";3;7
"2009";"Total";"100 years";2;7
"2009";"Total";"101 years";0;5
"2009";"Total";"102 years";2;1
"2009";"Total";"103 years";0;3
"2009";"Total";"104 years";0;0
"2009";"Total";"105 years";0;0
"2009";"Total";"106 years";0;0
"2009";"Total";"107 years";0;0
"2009";"Total";"108 years";0;0
"2009";"Total";"109 years";0;0
"2010";"Total";"On 1st year";5;6
"2010";"Total";"1 year";1;1
"2010";"Total";"2 years";1;1
"2010";"Total";"3 years";1;0
"2010";"Total";"4 years";0;0
"2010";"Total";"5 years";0;0
"2010";"Total";"6 years";0;0
"2010";"Total";"7 years";0;0
"2010";"Total";"8 years";0;0
"2010";"Total";"9 years";0;0
"2010";"Total";"10 years";0;0
"2010";"Total";"11 years";0;0
"2010";"Total";"12 years";1;0
"2010";"Total";"13 years";0;1
"2010";"Total";"14 years";0;1
"2010";"Total";"15 years";2;0
"2010";"Total";"16 years";2;0
"2010";"Total";"17 years";0;2
"2010";"Total";"18 years";2;3
"2010";"Total";"19 years";0;0
"2010";"Total";"20 years";1;1
"2010";"Total";"21 years";3;0
"2010";"Total";"22 years";0;1
"2010";"Total";"23 years";3;0
"2010";"Total";"24 years";0;0
"2010";"Total";"25 years";2;0
"2010";"Total";"26 years";2;0
"2010";"Total";"27 years";2;0
"2010";"Total";"28 years";2;0
"2010";"Total";"29 years";1;1
"2010";"Total";"30 years";2;1
"2010";"Total";"31 years";2;1
"2010";"Total";"32 years";5;3
"2010";"Total";"33 years";0;0
"2010";"Total";"34 years";4;0
"2010";"Total";"35 years";2;0
"2010";"Total";"36 years";4;2
"2010";"Total";"37 years";3;0
"2010";"Total";"38 years";1;3
"2010";"Total";"39 years";2;1
"2010";"Total";"40 years";2;0
"2010";"Total";"41 years";4;1
"2010";"Total";"42 years";2;1
"2010";"Total";"43 years";1;2
"2010";"Total";"44 years";2;3
"2010";"Total";"45 years";7;3
"2010";"Total";"46 years";2;5
"2010";"Total";"47 years";5;2
"2010";"Total";"48 years";2;1
"2010";"Total";"49 years";8;4
"2010";"Total";"50 years";7;1
"2010";"Total";"51 years";2;2
"2010";"Total";"52 years";7;4
"2010";"Total";"53 years";7;4
"2010";"Total";"54 years";8;3
"2010";"Total";"55 years";3;4
"2010";"Total";"56 years";7;3
"2010";"Total";"57 years";11;4
"2010";"Total";"58 years";8;5
"2010";"Total";"59 years";11;5
"2010";"Total";"60 years";14;5
"2010";"Total";"61 years";9;8
"2010";"Total";"62 years";9;13
"2010";"Total";"63 years";16;7
"2010";"Total";"64 years";3;7
"2010";"Total";"65 years";12;5
"2010";"Total";"66 years";14;11
"2010";"Total";"67 years";15;11
"2010";"Total";"68 years";12;11
"2010";"Total";"69 years";21;9
"2010";"Total";"70 years";18;14
"2010";"Total";"71 years";16;6
"2010";"Total";"72 years";14;9
"2010";"Total";"73 years";25;13
"2010";"Total";"74 years";20;26
"2010";"Total";"75 years";29;20
"2010";"Total";"76 years";15;15
"2010";"Total";"77 years";39;23
"2010";"Total";"78 years";29;24
"2010";"Total";"79 years";46;33
"2010";"Total";"80 years";36;35
"2010";"Total";"81 years";49;29
"2010";"Total";"82 years";43;25
"2010";"Total";"83 years";40;39
"2010";"Total";"84 years";31;40
"2010";"Total";"85 years";39;37
"2010";"Total";"86 years";30;46
"2010";"Total";"87 years";38;43
"2010";"Total";"88 years";42;47
"2010";"Total";"89 years";36;37
"2010";"Total";"90 years";44;38
"2010";"Total";"91 years";15;40
"2010";"Total";"92 years";21;31
"2010";"Total";"93 years";16;19
"2010";"Total";"94 years";17;20
"2010";"Total";"95 years";9;18
"2010";"Total";"96 years";7;15
"2010";"Total";"97 years";4;11
"2010";"Total";"98 years";5;10
"2010";"Total";"99 years";0;4
"2010";"Total";"100 years";2;6
"2010";"Total";"101 years";1;4
"2010";"Total";"102 years";0;2
"2010";"Total";"103 years";0;3
"2010";"Total";"104 years";1;0
"2010";"Total";"105 years";0;0
"2010";"Total";"106 years";0;0
"2010";"Total";"107 years";0;0
"2010";"Total";"108 years";0;0
"2010";"Total";"109 years";0;0
"2011";"Total";"On 1st year";3;1
"2011";"Total";"1 year";0;0
"2011";"Total";"2 years";2;0
"2011";"Total";"3 years";0;1
"2011";"Total";"4 years";0;0
"2011";"Total";"5 years";2;1
"2011";"Total";"6 years";0;0
"2011";"Total";"7 years";0;0
"2011";"Total";"8 years";0;0
"2011";"Total";"9 years";1;0
"2011";"Total";"10 years";0;0
"2011";"Total";"11 years";1;0
"2011";"Total";"12 years";0;1
"2011";"Total";"13 years";0;1
"2011";"Total";"14 years";1;0
"2011";"Total";"15 years";1;0
"2011";"Total";"16 years";0;0
"2011";"Total";"17 years";3;1
"2011";"Total";"18 years";0;0
"2011";"Total";"19 years";0;1
"2011";"Total";"20 years";0;1
"2011";"Total";"21 years";1;2
"2011";"Total";"22 years";0;0
"2011";"Total";"23 years";2;1
"2011";"Total";"24 years";2;0
"2011";"Total";"25 years";3;0
"2011";"Total";"26 years";0;1
"2011";"Total";"27 years";2;0
"2011";"Total";"28 years";2;1
"2011";"Total";"29 years";2;0
"2011";"Total";"30 years";0;0
"2011";"Total";"31 years";3;1
"2011";"Total";"32 years";0;0
"2011";"Total";"33 years";3;0
"2011";"Total";"34 years";1;0
"2011";"Total";"35 years";3;0
"2011";"Total";"36 years";3;3
"2011";"Total";"37 years";2;0
"2011";"Total";"38 years";1;1
"2011";"Total";"39 years";0;0
"2011";"Total";"40 years";1;1
"2011";"Total";"41 years";2;1
"2011";"Total";"42 years";2;2
"2011";"Total";"43 years";4;2
"2011";"Total";"44 years";4;1
"2011";"Total";"45 years";6;4
"2011";"Total";"46 years";3;2
"2011";"Total";"47 years";4;1
"2011";"Total";"48 years";4;1
"2011";"Total";"49 years";5;4
"2011";"Total";"50 years";8;3
"2011";"Total";"51 years";4;4
"2011";"Total";"52 years";2;3
"2011";"Total";"53 years";5;6
"2011";"Total";"54 years";5;4
"2011";"Total";"55 years";4;6
"2011";"Total";"56 years";4;6
"2011";"Total";"57 years";9;8
"2011";"Total";"58 years";6;3
"2011";"Total";"59 years";11;12
"2011";"Total";"60 years";14;5
"2011";"Total";"61 years";11;10
"2011";"Total";"62 years";9;8
"2011";"Total";"63 years";12;13
"2011";"Total";"64 years";15;8
"2011";"Total";"65 years";13;14
"2011";"Total";"66 years";16;8
"2011";"Total";"67 years";14;13
"2011";"Total";"68 years";15;9
"2011";"Total";"69 years";20;9
"2011";"Total";"70 years";15;11
"2011";"Total";"71 years";20;9
"2011";"Total";"72 years";14;11
"2011";"Total";"73 years";20;15
"2011";"Total";"74 years";27;18
"2011";"Total";"75 years";22;25
"2011";"Total";"76 years";36;21
"2011";"Total";"77 years";27;23
"2011";"Total";"78 years";36;25
"2011";"Total";"79 years";29;28
"2011";"Total";"80 years";44;29
"2011";"Total";"81 years";38;31
"2011";"Total";"82 years";36;26
"2011";"Total";"83 years";27;32
"2011";"Total";"84 years";40;50
"2011";"Total";"85 years";35;37
"2011";"Total";"86 years";34;26
"2011";"Total";"87 years";31;44
"2011";"Total";"88 years";34;38
"2011";"Total";"89 years";33;49
"2011";"Total";"90 years";30;44
"2011";"Total";"91 years";27;33
"2011";"Total";"92 years";18;35
"2011";"Total";"93 years";10;27
"2011";"Total";"94 years";12;23
"2011";"Total";"95 years";10;20
"2011";"Total";"96 years";7;19
"2011";"Total";"97 years";5;15
"2011";"Total";"98 years";2;14
"2011";"Total";"99 years";3;5
"2011";"Total";"100 years";1;5
"2011";"Total";"101 years";1;2
"2011";"Total";"102 years";0;5
"2011";"Total";"103 years";0;1
"2011";"Total";"104 years";0;1
"2011";"Total";"105 years";0;0
"2011";"Total";"106 years";0;0
"2011";"Total";"107 years";0;2
"2011";"Total";"108 years";0;0
"2011";"Total";"109 years";0;0
"2012";"Total";"On 1st year";2;3
"2012";"Total";"1 year";2;0
"2012";"Total";"2 years";0;0
"2012";"Total";"3 years";0;0
"2012";"Total";"4 years";0;0
"2012";"Total";"5 years";0;0
"2012";"Total";"6 years";0;0
"2012";"Total";"7 years";0;0
"2012";"Total";"8 years";0;0
"2012";"Total";"9 years";1;0
"2012";"Total";"10 years";0;0
"2012";"Total";"11 years";0;0
"2012";"Total";"12 years";0;1
"2012";"Total";"13 years";0;1
"2012";"Total";"14 years";0;0
"2012";"Total";"15 years";0;0
"2012";"Total";"16 years";1;0
"2012";"Total";"17 years";0;0
"2012";"Total";"18 years";0;0
"2012";"Total";"19 years";1;0
"2012";"Total";"20 years";0;1
"2012";"Total";"21 years";2;1
"2012";"Total";"22 years";1;0
"2012";"Total";"23 years";0;0
"2012";"Total";"24 years";2;0
"2012";"Total";"25 years";3;1
"2012";"Total";"26 years";0;0
"2012";"Total";"27 years";2;0
"2012";"Total";"28 years";1;0
"2012";"Total";"29 years";2;2
"2012";"Total";"30 years";4;1
"2012";"Total";"31 years";2;0
"2012";"Total";"32 years";6;0
"2012";"Total";"33 years";1;1
"2012";"Total";"34 years";1;0
"2012";"Total";"35 years";3;3
"2012";"Total";"36 years";3;1
"2012";"Total";"37 years";0;0
"2012";"Total";"38 years";3;0
"2012";"Total";"39 years";1;0
"2012";"Total";"40 years";1;0
"2012";"Total";"41 years";3;4
"2012";"Total";"42 years";6;1
"2012";"Total";"43 years";2;4
"2012";"Total";"44 years";4;4
"2012";"Total";"45 years";3;1
"2012";"Total";"46 years";5;2
"2012";"Total";"47 years";4;0
"2012";"Total";"48 years";0;1
"2012";"Total";"49 years";4;1
"2012";"Total";"50 years";4;1
"2012";"Total";"51 years";5;4
"2012";"Total";"52 years";5;0
"2012";"Total";"53 years";6;8
"2012";"Total";"54 years";8;2
"2012";"Total";"55 years";10;6
"2012";"Total";"56 years";12;4
"2012";"Total";"57 years";4;3
"2012";"Total";"58 years";10;10
"2012";"Total";"59 years";11;4
"2012";"Total";"60 years";11;10
"2012";"Total";"61 years";14;10
"2012";"Total";"62 years";10;14
"2012";"Total";"63 years";14;6
"2012";"Total";"64 years";16;12
"2012";"Total";"65 years";24;10
"2012";"Total";"66 years";12;14
"2012";"Total";"67 years";14;13
"2012";"Total";"68 years";21;20
"2012";"Total";"69 years";14;14
"2012";"Total";"70 years";15;13
"2012";"Total";"71 years";10;9
"2012";"Total";"72 years";12;8
"2012";"Total";"73 years";16;12
"2012";"Total";"74 years";12;17
"2012";"Total";"75 years";25;15
"2012";"Total";"76 years";20;25
"2012";"Total";"77 years";25;16
"2012";"Total";"78 years";25;19
"2012";"Total";"79 years";15;28
"2012";"Total";"80 years";28;29
"2012";"Total";"81 years";43;46
"2012";"Total";"82 years";42;40
"2012";"Total";"83 years";38;36
"2012";"Total";"84 years";39;43
"2012";"Total";"85 years";34;45
"2012";"Total";"86 years";34;46
"2012";"Total";"87 years";27;25
"2012";"Total";"88 years";31;43
"2012";"Total";"89 years";32;44
"2012";"Total";"90 years";28;38
"2012";"Total";"91 years";22;31
"2012";"Total";"92 years";22;39
"2012";"Total";"93 years";12;36
"2012";"Total";"94 years";19;23
"2012";"Total";"95 years";9;23
"2012";"Total";"96 years";9;20
"2012";"Total";"97 years";4;13
"2012";"Total";"98 years";1;5
"2012";"Total";"99 years";0;5
"2012";"Total";"100 years";0;3
"2012";"Total";"101 years";1;6
"2012";"Total";"102 years";1;1
"2012";"Total";"103 years";0;1
"2012";"Total";"104 years";1;0
"2012";"Total";"105 years";0;0
"2012";"Total";"106 years";0;0
"2012";"Total";"107 years";0;0
"2012";"Total";"108 years";0;0
"2012";"Total";"109 years";0;0
"2013";"Total";"On 1st year";2;6
"2013";"Total";"1 year";1;1
"2013";"Total";"2 years";0;0
"2013";"Total";"3 years";0;1
"2013";"Total";"4 years";0;0
"2013";"Total";"5 years";0;1
"2013";"Total";"6 years";1;0
"2013";"Total";"7 years";0;0
"2013";"Total";"8 years";0;0
"2013";"Total";"9 years";0;0
"2013";"Total";"10 years";0;0
"2013";"Total";"11 years";1;0
"2013";"Total";"12 years";1;0
"2013";"Total";"13 years";0;0
"2013";"Total";"14 years";0;0
"2013";"Total";"15 years";0;0
"2013";"Total";"16 years";1;0
"2013";"Total";"17 years";0;1
"2013";"Total";"18 years";0;1
"2013";"Total";"19 years";1;0
"2013";"Total";"20 years";0;0
"2013";"Total";"21 years";0;3
"2013";"Total";"22 years";3;0
"2013";"Total";"23 years";3;0
"2013";"Total";"24 years";2;0
"2013";"Total";"25 years";2;0
"2013";"Total";"26 years";0;0
"2013";"Total";"27 years";2;1
"2013";"Total";"28 years";1;0
"2013";"Total";"29 years";1;1
"2013";"Total";"30 years";3;1
"2013";"Total";"31 years";2;0
"2013";"Total";"32 years";2;0
"2013";"Total";"33 years";4;0
"2013";"Total";"34 years";6;1
"2013";"Total";"35 years";1;0
"2013";"Total";"36 years";3;1
"2013";"Total";"37 years";1;1
"2013";"Total";"38 years";1;1
"2013";"Total";"39 years";2;2
"2013";"Total";"40 years";2;2
"2013";"Total";"41 years";4;2
"2013";"Total";"42 years";3;0
"2013";"Total";"43 years";1;1
"2013";"Total";"44 years";2;3
"2013";"Total";"45 years";3;2
"2013";"Total";"46 years";1;0
"2013";"Total";"47 years";6;4
"2013";"Total";"48 years";6;6
"2013";"Total";"49 years";5;2
"2013";"Total";"50 years";5;4
"2013";"Total";"51 years";7;3
"2013";"Total";"52 years";6;7
"2013";"Total";"53 years";9;3
"2013";"Total";"54 years";3;5
"2013";"Total";"55 years";8;3
"2013";"Total";"56 years";5;3
"2013";"Total";"57 years";10;5
"2013";"Total";"58 years";11;7
"2013";"Total";"59 years";12;7
"2013";"Total";"60 years";12;5
"2013";"Total";"61 years";4;7
"2013";"Total";"62 years";11;12
"2013";"Total";"63 years";12;16
"2013";"Total";"64 years";14;10
"2013";"Total";"65 years";16;15
"2013";"Total";"66 years";19;13
"2013";"Total";"67 years";13;10
"2013";"Total";"68 years";23;8
"2013";"Total";"69 years";24;16
"2013";"Total";"70 years";21;16
"2013";"Total";"71 years";18;12
"2013";"Total";"72 years";10;17
"2013";"Total";"73 years";22;17
"2013";"Total";"74 years";25;20
"2013";"Total";"75 years";22;18
"2013";"Total";"76 years";27;16
"2013";"Total";"77 years";24;23
"2013";"Total";"78 years";29;29
"2013";"Total";"79 years";31;28
"2013";"Total";"80 years";46;34
"2013";"Total";"81 years";40;32
"2013";"Total";"82 years";39;33
"2013";"Total";"83 years";36;36
"2013";"Total";"84 years";49;41
"2013";"Total";"85 years";46;64
"2013";"Total";"86 years";42;41
"2013";"Total";"87 years";51;48
"2013";"Total";"88 years";32;45
"2013";"Total";"89 years";41;49
"2013";"Total";"90 years";35;46
"2013";"Total";"91 years";27;32
"2013";"Total";"92 years";23;26
"2013";"Total";"93 years";13;27
"2013";"Total";"94 years";11;13
"2013";"Total";"95 years";11;28
"2013";"Total";"96 years";8;16
"2013";"Total";"97 years";2;14
"2013";"Total";"98 years";3;6
"2013";"Total";"99 years";2;8
"2013";"Total";"100 years";1;6
"2013";"Total";"101 years";0;6
"2013";"Total";"102 years";1;4
"2013";"Total";"103 years";1;2
"2013";"Total";"104 years";1;5
"2013";"Total";"105 years";0;0
"2013";"Total";"106 years";0;1
"2013";"Total";"107 years";0;0
"2013";"Total";"108 years";0;0
"2013";"Total";"109 years";0;0
"2014";"Total";"On 1st year";3;6
"2014";"Total";"1 year";0;1
"2014";"Total";"2 years";0;0
"2014";"Total";"3 years";0;0
"2014";"Total";"4 years";0;0
"2014";"Total";"5 years";1;0
"2014";"Total";"6 years";0;0
"2014";"Total";"7 years";0;0
"2014";"Total";"8 years";0;1
"2014";"Total";"9 years";0;0
"2014";"Total";"10 years";0;0
"2014";"Total";"11 years";0;0
"2014";"Total";"12 years";0;0
"2014";"Total";"13 years";0;0
"2014";"Total";"14 years";0;0
"2014";"Total";"15 years";0;2
"2014";"Total";"16 years";0;1
"2014";"Total";"17 years";0;0
"2014";"Total";"18 years";4;0
"2014";"Total";"19 years";0;0
"2014";"Total";"20 years";1;0
"2014";"Total";"21 years";2;2
"2014";"Total";"22 years";1;1
"2014";"Total";"23 years";0;1
"2014";"Total";"24 years";0;1
"2014";"Total";"25 years";1;0
"2014";"Total";"26 years";1;2
"2014";"Total";"27 years";1;0
"2014";"Total";"28 years";3;0
"2014";"Total";"29 years";0;0
"2014";"Total";"30 years";1;1
"2014";"Total";"31 years";5;0
"2014";"Total";"32 years";1;1
"2014";"Total";"33 years";2;0
"2014";"Total";"34 years";0;3
"2014";"Total";"35 years";1;2
"2014";"Total";"36 years";1;0
"2014";"Total";"37 years";0;2
"2014";"Total";"38 years";3;0
"2014";"Total";"39 years";2;4
"2014";"Total";"40 years";3;2
"2014";"Total";"41 years";2;1
"2014";"Total";"42 years";3;2
"2014";"Total";"43 years";1;0
"2014";"Total";"44 years";2;3
"2014";"Total";"45 years";2;3
"2014";"Total";"46 years";2;3
"2014";"Total";"47 years";2;1
"2014";"Total";"48 years";5;1
"2014";"Total";"49 years";3;1
"2014";"Total";"50 years";4;5
"2014";"Total";"51 years";8;1
"2014";"Total";"52 years";8;5
"2014";"Total";"53 years";9;3
"2014";"Total";"54 years";9;5
"2014";"Total";"55 years";9;3
"2014";"Total";"56 years";10;9
"2014";"Total";"57 years";10;8
"2014";"Total";"58 years";13;5
"2014";"Total";"59 years";15;8
"2014";"Total";"60 years";13;8
"2014";"Total";"61 years";11;11
"2014";"Total";"62 years";16;13
"2014";"Total";"63 years";11;4
"2014";"Total";"64 years";9;12
"2014";"Total";"65 years";15;9
"2014";"Total";"66 years";9;13
"2014";"Total";"67 years";15;10
"2014";"Total";"68 years";24;15
"2014";"Total";"69 years";14;14
"2014";"Total";"70 years";18;13
"2014";"Total";"71 years";24;10
"2014";"Total";"72 years";20;12
"2014";"Total";"73 years";16;18
"2014";"Total";"74 years";15;15
"2014";"Total";"75 years";19;15
"2014";"Total";"76 years";23;14
"2014";"Total";"77 years";27;26
"2014";"Total";"78 years";29;20
"2014";"Total";"79 years";35;27
"2014";"Total";"80 years";29;38
"2014";"Total";"81 years";37;29
"2014";"Total";"82 years";30;32
"2014";"Total";"83 years";40;30
"2014";"Total";"84 years";45;44
"2014";"Total";"85 years";36;30
"2014";"Total";"86 years";40;47
"2014";"Total";"87 years";33;37
"2014";"Total";"88 years";34;35
"2014";"Total";"89 years";35;39
"2014";"Total";"90 years";37;43
"2014";"Total";"91 years";39;35
"2014";"Total";"92 years";28;34
"2014";"Total";"93 years";18;33
"2014";"Total";"94 years";16;32
"2014";"Total";"95 years";11;30
"2014";"Total";"96 years";9;10
"2014";"Total";"97 years";6;19
"2014";"Total";"98 years";6;9
"2014";"Total";"99 years";1;1
"2014";"Total";"100 years";2;6
"2014";"Total";"101 years";0;1
"2014";"Total";"102 years";0;3
"2014";"Total";"103 years";0;2
"2014";"Total";"104 years";0;0
"2014";"Total";"105 years";0;0
"2014";"Total";"106 years";0;1
"2014";"Total";"107 years";0;0
"2014";"Total";"108 years";0;1
"2014";"Total";"109 years";0;0
"2015";"Total";"On 1st year";5;5
"2015";"Total";"1 year";0;0
"2015";"Total";"2 years";3;0
"2015";"Total";"3 years";0;1
"2015";"Total";"4 years";0;0
"2015";"Total";"5 years";1;0
"2015";"Total";"6 years";0;0
"2015";"Total";"7 years";0;0
"2015";"Total";"8 years";0;0
"2015";"Total";"9 years";0;0
"2015";"Total";"10 years";0;0
"2015";"Total";"11 years";1;0
"2015";"Total";"12 years";1;1
"2015";"Total";"13 years";0;0
"2015";"Total";"14 years";0;0
"2015";"Total";"15 years";0;1
"2015";"Total";"16 years";0;0
"2015";"Total";"17 years";0;2
"2015";"Total";"18 years";5;0
"2015";"Total";"19 years";1;0
"2015";"Total";"20 years";0;1
"2015";"Total";"21 years";0;0
"2015";"Total";"22 years";0;0
"2015";"Total";"23 years";2;0
"2015";"Total";"24 years";3;0
"2015";"Total";"25 years";2;0
"2015";"Total";"26 years";1;0
"2015";"Total";"27 years";3;1
"2015";"Total";"28 years";1;0
"2015";"Total";"29 years";1;1
"2015";"Total";"30 years";3;0
"2015";"Total";"31 years";2;1
"2015";"Total";"32 years";1;1
"2015";"Total";"33 years";3;0
"2015";"Total";"34 years";2;0
"2015";"Total";"35 years";1;1
"2015";"Total";"36 years";1;1
"2015";"Total";"37 years";4;1
"2015";"Total";"38 years";2;1
"2015";"Total";"39 years";3;0
"2015";"Total";"40 years";1;2
"2015";"Total";"41 years";4;4
"2015";"Total";"42 years";2;1
"2015";"Total";"43 years";7;5
"2015";"Total";"44 years";0;1
"2015";"Total";"45 years";2;1
"2015";"Total";"46 years";1;0
"2015";"Total";"47 years";3;3
"2015";"Total";"48 years";4;3
"2015";"Total";"49 years";6;4
"2015";"Total";"50 years";8;5
"2015";"Total";"51 years";6;5
"2015";"Total";"52 years";5;5
"2015";"Total";"53 years";5;4
"2015";"Total";"54 years";6;5
"2015";"Total";"55 years";11;7
"2015";"Total";"56 years";9;5
"2015";"Total";"57 years";9;10
"2015";"Total";"58 years";8;8
"2015";"Total";"59 years";14;6
"2015";"Total";"60 years";4;7
"2015";"Total";"61 years";6;11
"2015";"Total";"62 years";12;12
"2015";"Total";"63 years";6;9
"2015";"Total";"64 years";10;10
"2015";"Total";"65 years";29;16
"2015";"Total";"66 years";10;12
"2015";"Total";"67 years";16;13
"2015";"Total";"68 years";18;10
"2015";"Total";"69 years";14;14
"2015";"Total";"70 years";19;19
"2015";"Total";"71 years";28;12
"2015";"Total";"72 years";25;21
"2015";"Total";"73 years";21;16
"2015";"Total";"74 years";18;16
"2015";"Total";"75 years";20;22
"2015";"Total";"76 years";16;13
"2015";"Total";"77 years";21;25
"2015";"Total";"78 years";34;14
"2015";"Total";"79 years";17;24
"2015";"Total";"80 years";32;30
"2015";"Total";"81 years";34;43
"2015";"Total";"82 years";39;34
"2015";"Total";"83 years";41;43
"2015";"Total";"84 years";42;50
"2015";"Total";"85 years";38;42
"2015";"Total";"86 years";33;39
"2015";"Total";"87 years";50;45
"2015";"Total";"88 years";48;49
"2015";"Total";"89 years";39;52
"2015";"Total";"90 years";28;46
"2015";"Total";"91 years";32;44
"2015";"Total";"92 years";25;42
"2015";"Total";"93 years";23;35
"2015";"Total";"94 years";13;32
"2015";"Total";"95 years";15;27
"2015";"Total";"96 years";13;20
"2015";"Total";"97 years";3;17
"2015";"Total";"98 years";4;7
"2015";"Total";"99 years";5;9
"2015";"Total";"100 years";1;1
"2015";"Total";"101 years";1;2
"2015";"Total";"102 years";0;4
"2015";"Total";"103 years";0;1
"2015";"Total";"104 years";0;1
"2015";"Total";"105 years";0;1
"2015";"Total";"106 years";0;1
"2015";"Total";"107 years";0;0
"2015";"Total";"108 years";0;0
"2015";"Total";"109 years";0;1
"2016";"Total";"On 1st year";2;1
"2016";"Total";"1 year";1;0
"2016";"Total";"2 years";0;1
"2016";"Total";"3 years";0;1
"2016";"Total";"4 years";2;0
"2016";"Total";"5 years";0;0
"2016";"Total";"6 years";0;0
"2016";"Total";"7 years";0;0
"2016";"Total";"8 years";0;1
"2016";"Total";"9 years";0;0
"2016";"Total";"10 years";1;0
"2016";"Total";"11 years";0;0
"2016";"Total";"12 years";0;0
"2016";"Total";"13 years";0;0
"2016";"Total";"14 years";0;0
"2016";"Total";"15 years";1;0
"2016";"Total";"16 years";1;0
"2016";"Total";"17 years";2;0
"2016";"Total";"18 years";2;0
"2016";"Total";"19 years";2;0
"2016";"Total";"20 years";2;0
"2016";"Total";"21 years";0;0
"2016";"Total";"22 years";0;2
"2016";"Total";"23 years";2;2
"2016";"Total";"24 years";0;1
"2016";"Total";"25 years";2;1
"2016";"Total";"26 years";1;0
"2016";"Total";"27 years";5;0
"2016";"Total";"28 years";3;1
"2016";"Total";"29 years";0;0
"2016";"Total";"30 years";3;2
"2016";"Total";"31 years";2;0
"2016";"Total";"32 years";1;0
"2016";"Total";"33 years";4;1
"2016";"Total";"34 years";4;0
"2016";"Total";"35 years";5;1
"2016";"Total";"36 years";0;0
"2016";"Total";"37 years";5;1
"2016";"Total";"38 years";2;0
"2016";"Total";"39 years";4;1
"2016";"Total";"40 years";1;0
"2016";"Total";"41 years";2;2
"2016";"Total";"42 years";5;1
"2016";"Total";"43 years";2;0
"2016";"Total";"44 years";2;1
"2016";"Total";"45 years";4;0
"2016";"Total";"46 years";1;0
"2016";"Total";"47 years";4;1
"2016";"Total";"48 years";3;4
"2016";"Total";"49 years";6;5
"2016";"Total";"50 years";2;5
"2016";"Total";"51 years";4;3
"2016";"Total";"52 years";3;4
"2016";"Total";"53 years";4;1
"2016";"Total";"54 years";7;8
"2016";"Total";"55 years";9;8
"2016";"Total";"56 years";7;5
"2016";"Total";"57 years";10;8
"2016";"Total";"58 years";11;8
"2016";"Total";"59 years";11;7
"2016";"Total";"60 years";9;8
"2016";"Total";"61 years";15;10
"2016";"Total";"62 years";10;7
"2016";"Total";"63 years";16;9
"2016";"Total";"64 years";8;15
"2016";"Total";"65 years";20;10
"2016";"Total";"66 years";14;10
"2016";"Total";"67 years";17;18
"2016";"Total";"68 years";23;13
"2016";"Total";"69 years";20;16
"2016";"Total";"70 years";23;12
"2016";"Total";"71 years";24;16
"2016";"Total";"72 years";32;20
"2016";"Total";"73 years";26;27
"2016";"Total";"74 years";29;27
"2016";"Total";"75 years";22;19
"2016";"Total";"76 years";26;29
"2016";"Total";"77 years";24;17
"2016";"Total";"78 years";27;26
"2016";"Total";"79 years";32;30
"2016";"Total";"80 years";32;19
"2016";"Total";"81 years";35;36
"2016";"Total";"82 years";46;46
"2016";"Total";"83 years";35;26
"2016";"Total";"84 years";46;34
"2016";"Total";"85 years";53;53
"2016";"Total";"86 years";53;40
"2016";"Total";"87 years";53;39
"2016";"Total";"88 years";53;43
"2016";"Total";"89 years";41;52
"2016";"Total";"90 years";44;49
"2016";"Total";"91 years";30;47
"2016";"Total";"92 years";29;44
"2016";"Total";"93 years";27;36
"2016";"Total";"94 years";14;45
"2016";"Total";"95 years";8;22
"2016";"Total";"96 years";10;15
"2016";"Total";"97 years";3;16
"2016";"Total";"98 years";5;8
"2016";"Total";"99 years";2;4
"2016";"Total";"100 years";0;5
"2016";"Total";"101 years";2;3
"2016";"Total";"102 years";1;2
"2016";"Total";"103 years";1;1
"2016";"Total";"104 years";0;0
"2016";"Total";"105 years";0;0
"2016";"Total";"106 years";0;0
"2016";"Total";"107 years";0;0
"2016";"Total";"108 years";0;0
"2016";"Total";"109 years";0;0
"2017";"Total";"On 1st year";5;6
"2017";"Total";"1 year";0;1
"2017";"Total";"2 years";0;0
"2017";"Total";"3 years";0;1
"2017";"Total";"4 years";0;1
"2017";"Total";"5 years";0;2
"2017";"Total";"6 years";0;0
"2017";"Total";"7 years";0;0
"2017";"Total";"8 years";0;0
"2017";"Total";"9 years";0;0
"2017";"Total";"10 years";1;0
"2017";"Total";"11 years";1;0
"2017";"Total";"12 years";1;0
"2017";"Total";"13 years";0;0
"2017";"Total";"14 years";0;0
"2017";"Total";"15 years";0;0
"2017";"Total";"16 years";1;0
"2017";"Total";"17 years";0;0
"2017";"Total";"18 years";1;1
"2017";"Total";"19 years";1;1
"2017";"Total";"20 years";1;1
"2017";"Total";"21 years";2;0
"2017";"Total";"22 years";2;0
"2017";"Total";"23 years";1;0
"2017";"Total";"24 years";2;1
"2017";"Total";"25 years";3;0
"2017";"Total";"26 years";3;0
"2017";"Total";"27 years";0;1
"2017";"Total";"28 years";1;1
"2017";"Total";"29 years";3;0
"2017";"Total";"30 years";4;1
"2017";"Total";"31 years";2;0
"2017";"Total";"32 years";4;2
"2017";"Total";"33 years";4;0
"2017";"Total";"34 years";3;2
"2017";"Total";"35 years";4;1
"2017";"Total";"36 years";5;1
"2017";"Total";"37 years";2;2
"2017";"Total";"38 years";5;0
"2017";"Total";"39 years";2;1
"2017";"Total";"40 years";1;1
"2017";"Total";"41 years";1;0
"2017";"Total";"42 years";1;1
"2017";"Total";"43 years";5;0
"2017";"Total";"44 years";4;1
"2017";"Total";"45 years";2;2
"2017";"Total";"46 years";2;2
"2017";"Total";"47 years";2;1
"2017";"Total";"48 years";6;3
"2017";"Total";"49 years";6;1
"2017";"Total";"50 years";3;4
"2017";"Total";"51 years";9;3
"2017";"Total";"52 years";6;3
"2017";"Total";"53 years";11;1
"2017";"Total";"54 years";9;6
"2017";"Total";"55 years";19;7
"2017";"Total";"56 years";11;2
"2017";"Total";"57 years";6;4
"2017";"Total";"58 years";10;7
"2017";"Total";"59 years";11;7
"2017";"Total";"60 years";9;3
"2017";"Total";"61 years";13;11
"2017";"Total";"62 years";13;12
"2017";"Total";"63 years";13;8
"2017";"Total";"64 years";5;9
"2017";"Total";"65 years";16;13
"2017";"Total";"66 years";18;6
"2017";"Total";"67 years";18;12
"2017";"Total";"68 years";18;10
"2017";"Total";"69 years";18;12
"2017";"Total";"70 years";29;11
"2017";"Total";"71 years";22;15
"2017";"Total";"72 years";25;18
"2017";"Total";"73 years";19;15
"2017";"Total";"74 years";28;21
"2017";"Total";"75 years";25;23
"2017";"Total";"76 years";25;22
"2017";"Total";"77 years";28;23
"2017";"Total";"78 years";23;29
"2017";"Total";"79 years";27;25
"2017";"Total";"80 years";29;36
"2017";"Total";"81 years";36;38
"2017";"Total";"82 years";51;27
"2017";"Total";"83 years";43;40
"2017";"Total";"84 years";46;44
"2017";"Total";"85 years";35;49
"2017";"Total";"86 years";49;38
"2017";"Total";"87 years";33;55
"2017";"Total";"88 years";40;56
"2017";"Total";"89 years";32;49
"2017";"Total";"90 years";34;35
"2017";"Total";"91 years";18;52
"2017";"Total";"92 years";24;47
"2017";"Total";"93 years";21;33
"2017";"Total";"94 years";16;28
"2017";"Total";"95 years";9;35
"2017";"Total";"96 years";8;25
"2017";"Total";"97 years";7;14
"2017";"Total";"98 years";5;10
"2017";"Total";"99 years";3;12
"2017";"Total";"100 years";1;5
"2017";"Total";"101 years";3;2
"2017";"Total";"102 years";0;1
"2017";"Total";"103 years";0;0
"2017";"Total";"104 years";0;2
"2017";"Total";"105 years";1;0
"2017";"Total";"106 years";0;0
"2017";"Total";"107 years";1;0
"2017";"Total";"108 years";0;0
"2017";"Total";"109 years";0;0
"2018";"Total";"On 1st year";5;3
"2018";"Total";"1 year";1;1
"2018";"Total";"2 years";0;1
"2018";"Total";"3 years";0;0
"2018";"Total";"4 years";0;0
"2018";"Total";"5 years";0;0
"2018";"Total";"6 years";0;0
"2018";"Total";"7 years";0;0
"2018";"Total";"8 years";0;0
"2018";"Total";"9 years";0;0
"2018";"Total";"10 years";0;0
"2018";"Total";"11 years";0;0
"2018";"Total";"12 years";0;0
"2018";"Total";"13 years";0;0
"2018";"Total";"14 years";0;0
"2018";"Total";"15 years";1;0
"2018";"Total";"16 years";1;0
"2018";"Total";"17 years";1;0
"2018";"Total";"18 years";3;1
"2018";"Total";"19 years";2;0
"2018";"Total";"20 years";1;0
"2018";"Total";"21 years";2;0
"2018";"Total";"22 years";0;0
"2018";"Total";"23 years";0;1
"2018";"Total";"24 years";3;1
"2018";"Total";"25 years";4;0
"2018";"Total";"26 years";6;0
"2018";"Total";"27 years";0;0
"2018";"Total";"28 years";1;0
"2018";"Total";"29 years";2;0
"2018";"Total";"30 years";4;1
"2018";"Total";"31 years";3;0
"2018";"Total";"32 years";2;0
"2018";"Total";"33 years";5;1
"2018";"Total";"34 years";3;3
"2018";"Total";"35 years";2;5
"2018";"Total";"36 years";0;2
"2018";"Total";"37 years";5;2
"2018";"Total";"38 years";3;2
"2018";"Total";"39 years";3;1
"2018";"Total";"40 years";5;1
"2018";"Total";"41 years";1;2
"2018";"Total";"42 years";0;1
"2018";"Total";"43 years";6;0
"2018";"Total";"44 years";4;2
"2018";"Total";"45 years";2;1
"2018";"Total";"46 years";2;3
"2018";"Total";"47 years";1;4
"2018";"Total";"48 years";7;4
"2018";"Total";"49 years";4;2
"2018";"Total";"50 years";3;4
"2018";"Total";"51 years";4;3
"2018";"Total";"52 years";3;6
"2018";"Total";"53 years";8;4
"2018";"Total";"54 years";6;3
"2018";"Total";"55 years";9;5
"2018";"Total";"56 years";10;5
"2018";"Total";"57 years";8;7
"2018";"Total";"58 years";10;5
"2018";"Total";"59 years";18;11
"2018";"Total";"60 years";12;6
"2018";"Total";"61 years";14;7
"2018";"Total";"62 years";11;9
"2018";"Total";"63 years";20;13
"2018";"Total";"64 years";14;7
"2018";"Total";"65 years";15;9
"2018";"Total";"66 years";20;8
"2018";"Total";"67 years";18;14
"2018";"Total";"68 years";17;9
"2018";"Total";"69 years";19;9
"2018";"Total";"70 years";24;13
"2018";"Total";"71 years";19;14
"2018";"Total";"72 years";23;15
"2018";"Total";"73 years";27;17
"2018";"Total";"74 years";24;21
"2018";"Total";"75 years";25;18
"2018";"Total";"76 years";29;21
"2018";"Total";"77 years";18;22
"2018";"Total";"78 years";26;29
"2018";"Total";"79 years";33;40
"2018";"Total";"80 years";24;27
"2018";"Total";"81 years";32;42
"2018";"Total";"82 years";28;39
"2018";"Total";"83 years";48;45
"2018";"Total";"84 years";36;33
"2018";"Total";"85 years";38;46
"2018";"Total";"86 years";45;55
"2018";"Total";"87 years";55;57
"2018";"Total";"88 years";45;40
"2018";"Total";"89 years";41;48
"2018";"Total";"90 years";34;34
"2018";"Total";"91 years";30;40
"2018";"Total";"92 years";22;41
"2018";"Total";"93 years";18;38
"2018";"Total";"94 years";12;32
"2018";"Total";"95 years";11;32
"2018";"Total";"96 years";13;27
"2018";"Total";"97 years";9;19
"2018";"Total";"98 years";2;5
"2018";"Total";"99 years";4;6
"2018";"Total";"100 years";2;4
"2018";"Total";"101 years";3;3
"2018";"Total";"102 years";2;2
"2018";"Total";"103 years";1;2
"2018";"Total";"104 years";1;3
"2018";"Total";"105 years";0;0
"2018";"Total";"106 years";0;0
"2018";"Total";"107 years";0;0
"2018";"Total";"108 years";0;0
"2018";"Total";"109 years";0;0
"2019";"Total";"On 1st year";4;1
"2019";"Total";"1 year";1;0
"2019";"Total";"2 years";0;0
"2019";"Total";"3 years";0;0
"2019";"Total";"4 years";0;0
"2019";"Total";"5 years";0;0
"2019";"Total";"6 years";0;0
"2019";"Total";"7 years";0;0
"2019";"Total";"8 years";0;0
"2019";"Total";"9 years";0;0
"2019";"Total";"10 years";0;0
"2019";"Total";"11 years";0;0
"2019";"Total";"12 years";0;0
"2019";"Total";"13 years";0;0
"2019";"Total";"14 years";0;0
"2019";"Total";"15 years";0;0
"2019";"Total";"16 years";1;0
"2019";"Total";"17 years";1;0
"2019";"Total";"18 years";0;0
"2019";"Total";"19 years";1;1
"2019";"Total";"20 years";2;0
"2019";"Total";"21 years";1;0
"2019";"Total";"22 years";1;0
"2019";"Total";"23 years";0;0
"2019";"Total";"24 years";0;3
"2019";"Total";"25 years";1;1
"2019";"Total";"26 years";1;2
"2019";"Total";"27 years";2;0
"2019";"Total";"28 years";2;1
"2019";"Total";"29 years";5;1
"2019";"Total";"30 years";1;0
"2019";"Total";"31 years";3;1
"2019";"Total";"32 years";2;1
"2019";"Total";"33 years";5;2
"2019";"Total";"34 years";2;0
"2019";"Total";"35 years";3;0
"2019";"Total";"36 years";3;1
"2019";"Total";"37 years";2;3
"2019";"Total";"38 years";3;0
"2019";"Total";"39 years";1;2
"2019";"Total";"40 years";4;1
"2019";"Total";"41 years";4;3
"2019";"Total";"42 years";3;1
"2019";"Total";"43 years";4;3
"2019";"Total";"44 years";6;1
"2019";"Total";"45 years";2;1
"2019";"Total";"46 years";4;2
"2019";"Total";"47 years";2;4
"2019";"Total";"48 years";4;3
"2019";"Total";"49 years";4;4
"2019";"Total";"50 years";6;5
"2019";"Total";"51 years";3;4
"2019";"Total";"52 years";6;3
"2019";"Total";"53 years";5;4
"2019";"Total";"54 years";8;7
"2019";"Total";"55 years";10;9
"2019";"Total";"56 years";7;4
"2019";"Total";"57 years";12;7
"2019";"Total";"58 years";7;7
"2019";"Total";"59 years";16;12
"2019";"Total";"60 years";14;5
"2019";"Total";"61 years";13;8
"2019";"Total";"62 years";14;9
"2019";"Total";"63 years";15;12
"2019";"Total";"64 years";21;10
"2019";"Total";"65 years";15;8
"2019";"Total";"66 years";23;11
"2019";"Total";"67 years";17;12
"2019";"Total";"68 years";17;9
"2019";"Total";"69 years";28;14
"2019";"Total";"70 years";20;14
"2019";"Total";"71 years";20;15
"2019";"Total";"72 years";16;16
"2019";"Total";"73 years";26;19
"2019";"Total";"74 years";29;24
"2019";"Total";"75 years";23;25
"2019";"Total";"76 years";24;19
"2019";"Total";"77 years";24;24
"2019";"Total";"78 years";30;16
"2019";"Total";"79 years";25;25
"2019";"Total";"80 years";36;24
"2019";"Total";"81 years";25;27
"2019";"Total";"82 years";37;38
"2019";"Total";"83 years";36;41
"2019";"Total";"84 years";47;40
"2019";"Total";"85 years";50;38
"2019";"Total";"86 years";53;36
"2019";"Total";"87 years";38;56
"2019";"Total";"88 years";37;40
"2019";"Total";"89 years";39;36
"2019";"Total";"90 years";39;60
"2019";"Total";"91 years";30;50
"2019";"Total";"92 years";24;45
"2019";"Total";"93 years";24;33
"2019";"Total";"94 years";19;31
"2019";"Total";"95 years";16;38
"2019";"Total";"96 years";7;28
"2019";"Total";"97 years";5;20
"2019";"Total";"98 years";8;12
"2019";"Total";"99 years";3;7
"2019";"Total";"100 years";4;6
"2019";"Total";"101 years";0;8
"2019";"Total";"102 years";1;0
"2019";"Total";"103 years";0;1
"2019";"Total";"104 years";1;2
"2019";"Total";"105 years";0;0
"2019";"Total";"106 years";0;0
"2019";"Total";"107 years";0;1
"2019";"Total";"108 years";0;0
"2019";"Total";"109 years";0;1
"2020";"Total";"On 1st year";11;3
"2020";"Total";"1 year";0;0
"2020";"Total";"2 years";1;0
"2020";"Total";"3 years";0;0
"2020";"Total";"4 years";0;0
"2020";"Total";"5 years";0;0
"2020";"Total";"6 years";0;0
"2020";"Total";"7 years";0;1
"2020";"Total";"8 years";0;0
"2020";"Total";"9 years";0;0
"2020";"Total";"10 years";0;1
"2020";"Total";"11 years";1;0
"2020";"Total";"12 years";0;0
"2020";"Total";"13 years";0;0
"2020";"Total";"14 years";2;0
"2020";"Total";"15 years";0;0
"2020";"Total";"16 years";0;0
"2020";"Total";"17 years";1;0
"2020";"Total";"18 years";1;0
"2020";"Total";"19 years";1;1
"2020";"Total";"20 years";1;0
"2020";"Total";"21 years";2;1
"2020";"Total";"22 years";1;1
"2020";"Total";"23 years";1;0
"2020";"Total";"24 years";1;1
"2020";"Total";"25 years";0;1
"2020";"Total";"26 years";0;2
"2020";"Total";"27 years";4;1
"2020";"Total";"28 years";1;1
"2020";"Total";"29 years";3;0
"2020";"Total";"30 years";4;2
"2020";"Total";"31 years";4;0
"2020";"Total";"32 years";1;1
"2020";"Total";"33 years";2;0
"2020";"Total";"34 years";0;0
"2020";"Total";"35 years";3;3
"2020";"Total";"36 years";3;0
"2020";"Total";"37 years";3;1
"2020";"Total";"38 years";4;4
"2020";"Total";"39 years";6;0
"2020";"Total";"40 years";6;3
"2020";"Total";"41 years";4;2
"2020";"Total";"42 years";4;2
"2020";"Total";"43 years";4;2
"2020";"Total";"44 years";3;4
"2020";"Total";"45 years";2;1
"2020";"Total";"46 years";1;0
"2020";"Total";"47 years";4;4
"2020";"Total";"48 years";4;5
"2020";"Total";"49 years";7;3
"2020";"Total";"50 years";4;5
"2020";"Total";"51 years";5;3
"2020";"Total";"52 years";3;2
"2020";"Total";"53 years";11;7
"2020";"Total";"54 years";8;4
"2020";"Total";"55 years";10;5
"2020";"Total";"56 years";10;10
"2020";"Total";"57 years";12;5
"2020";"Total";"58 years";8;6
"2020";"Total";"59 years";11;6
"2020";"Total";"60 years";18;6
"2020";"Total";"61 years";13;8
"2020";"Total";"62 years";10;17
"2020";"Total";"63 years";12;11
"2020";"Total";"64 years";12;11
"2020";"Total";"65 years";12;11
"2020";"Total";"66 years";26;7
"2020";"Total";"67 years";22;14
"2020";"Total";"68 years";22;20
"2020";"Total";"69 years";20;14
"2020";"Total";"70 years";15;11
"2020";"Total";"71 years";26;20
"2020";"Total";"72 years";24;18
"2020";"Total";"73 years";19;21
"2020";"Total";"74 years";26;11
"2020";"Total";"75 years";31;32
"2020";"Total";"76 years";39;16
"2020";"Total";"77 years";37;22
"2020";"Total";"78 years";30;14
"2020";"Total";"79 years";28;28
"2020";"Total";"80 years";32;28
"2020";"Total";"81 years";24;28
"2020";"Total";"82 years";38;28
"2020";"Total";"83 years";44;48
"2020";"Total";"84 years";42;33
"2020";"Total";"85 years";32;41
"2020";"Total";"86 years";30;49
"2020";"Total";"87 years";38;35
"2020";"Total";"88 years";40;58
"2020";"Total";"89 years";34;54
"2020";"Total";"90 years";42;52
"2020";"Total";"91 years";27;48
"2020";"Total";"92 years";35;41
"2020";"Total";"93 years";18;43
"2020";"Total";"94 years";25;22
"2020";"Total";"95 years";14;33
"2020";"Total";"96 years";9;32
"2020";"Total";"97 years";5;14
"2020";"Total";"98 years";3;8
"2020";"Total";"99 years";6;5
"2020";"Total";"100 years";2;11
"2020";"Total";"101 years";1;5
"2020";"Total";"102 years";2;3
"2020";"Total";"103 years";0;4
"2020";"Total";"104 years";0;0
"2020";"Total";"105 years";1;0
"2020";"Total";"106 years";0;0
"2020";"Total";"107 years";0;0
"2020";"Total";"108 years";0;0
"2020";"Total";"109 years";0;0
"2021";"Total";"On 1st year";7;9
"2021";"Total";"1 year";2;0
"2021";"Total";"2 years";0;0
"2021";"Total";"3 years";0;0
"2021";"Total";"4 years";1;0
"2021";"Total";"5 years";0;0
"2021";"Total";"6 years";0;0
"2021";"Total";"7 years";0;0
"2021";"Total";"8 years";0;0
"2021";"Total";"9 years";0;0
"2021";"Total";"10 years";1;0
"2021";"Total";"11 years";0;0
"2021";"Total";"12 years";0;0
"2021";"Total";"13 years";0;0
"2021";"Total";"14 years";0;2
"2021";"Total";"15 years";1;0
"2021";"Total";"16 years";1;0
"2021";"Total";"17 years";0;0
"2021";"Total";"18 years";3;0
"2021";"Total";"19 years";1;0
"2021";"Total";"20 years";0;0
"2021";"Total";"21 years";1;1
"2021";"Total";"22 years";0;1
"2021";"Total";"23 years";2;0
"2021";"Total";"24 years";3;0
"2021";"Total";"25 years";5;0
"2021";"Total";"26 years";2;1
"2021";"Total";"27 years";3;0
"2021";"Total";"28 years";3;1
"2021";"Total";"29 years";5;1
"2021";"Total";"30 years";3;1
"2021";"Total";"31 years";2;2
"2021";"Total";"32 years";7;1
"2021";"Total";"33 years";2;0
"2021";"Total";"34 years";0;2
"2021";"Total";"35 years";4;1
"2021";"Total";"36 years";3;0
"2021";"Total";"37 years";1;0
"2021";"Total";"38 years";1;0
"2021";"Total";"39 years";1;4
"2021";"Total";"40 years";8;3
"2021";"Total";"41 years";3;2
"2021";"Total";"42 years";3;2
"2021";"Total";"43 years";3;1
"2021";"Total";"44 years";2;3
"2021";"Total";"45 years";3;2
"2021";"Total";"46 years";2;3
"2021";"Total";"47 years";5;1
"2021";"Total";"48 years";2;4
"2021";"Total";"49 years";12;4
"2021";"Total";"50 years";1;2
"2021";"Total";"51 years";2;1
"2021";"Total";"52 years";5;4
"2021";"Total";"53 years";7;3
"2021";"Total";"54 years";7;3
"2021";"Total";"55 years";15;4
"2021";"Total";"56 years";13;3
"2021";"Total";"57 years";9;13
"2021";"Total";"58 years";11;6
"2021";"Total";"59 years";10;7
"2021";"Total";"60 years";12;8
"2021";"Total";"61 years";12;10
"2021";"Total";"62 years";11;15
"2021";"Total";"63 years";14;6
"2021";"Total";"64 years";17;13
"2021";"Total";"65 years";20;12
"2021";"Total";"66 years";16;12
"2021";"Total";"67 years";21;13
"2021";"Total";"68 years";23;15
"2021";"Total";"69 years";17;13
"2021";"Total";"70 years";20;13
"2021";"Total";"71 years";24;22
"2021";"Total";"72 years";18;18
"2021";"Total";"73 years";29;24
"2021";"Total";"74 years";28;18
"2021";"Total";"75 years";32;17
"2021";"Total";"76 years";48;29
"2021";"Total";"77 years";23;26
"2021";"Total";"78 years";28;29
"2021";"Total";"79 years";39;29
"2021";"Total";"80 years";25;37
"2021";"Total";"81 years";24;30
"2021";"Total";"82 years";33;21
"2021";"Total";"83 years";39;32
"2021";"Total";"84 years";29;28
"2021";"Total";"85 years";37;47
"2021";"Total";"86 years";31;35
"2021";"Total";"87 years";45;53
"2021";"Total";"88 years";42;42
"2021";"Total";"89 years";39;52
"2021";"Total";"90 years";36;54
"2021";"Total";"91 years";32;49
"2021";"Total";"92 years";30;48
"2021";"Total";"93 years";29;41
"2021";"Total";"94 years";21;35
"2021";"Total";"95 years";14;34
"2021";"Total";"96 years";11;22
"2021";"Total";"97 years";7;14
"2021";"Total";"98 years";11;14
"2021";"Total";"99 years";3;7
"2021";"Total";"100 years";2;12
"2021";"Total";"101 years";0;5
"2021";"Total";"102 years";0;2
"2021";"Total";"103 years";0;3
"2021";"Total";"104 years";1;0
"2021";"Total";"105 years";0;0
"2021";"Total";"106 years";0;0
"2021";"Total";"107 years";0;0
"2021";"Total";"108 years";0;0
"2021";"Total";"109 years";0;0
"2022";"Total";"On 1st year";2;4
"2022";"Total";"1 year";1;1
"2022";"Total";"2 years";0;1
"2022";"Total";"3 years";0;0
"2022";"Total";"4 years";1;0
"2022";"Total";"5 years";0;0
"2022";"Total";"6 years";1;0
"2022";"Total";"7 years";0;0
"2022";"Total";"8 years";0;0
"2022";"Total";"9 years";0;0
"2022";"Total";"10 years";0;0
"2022";"Total";"11 years";0;1
"2022";"Total";"12 years";0;0
"2022";"Total";"13 years";1;0
"2022";"Total";"14 years";0;0
"2022";"Total";"15 years";0;0
"2022";"Total";"16 years";0;0
"2022";"Total";"17 years";0;1
"2022";"Total";"18 years";1;0
"2022";"Total";"19 years";1;1
"2022";"Total";"20 years";0;1
"2022";"Total";"21 years";0;1
"2022";"Total";"22 years";1;1
"2022";"Total";"23 years";1;1
"2022";"Total";"24 years";1;0
"2022";"Total";"25 years";1;0
"2022";"Total";"26 years";1;0
"2022";"Total";"27 years";4;0
"2022";"Total";"28 years";3;0
"2022";"Total";"29 years";4;0
"2022";"Total";"30 years";4;0
"2022";"Total";"31 years";1;1
"2022";"Total";"32 years";3;3
"2022";"Total";"33 years";2;4
"2022";"Total";"34 years";2;1
"2022";"Total";"35 years";7;1
"2022";"Total";"36 years";4;1
"2022";"Total";"37 years";3;2
"2022";"Total";"38 years";3;2
"2022";"Total";"39 years";2;1
"2022";"Total";"40 years";6;1
"2022";"Total";"41 years";4;3
"2022";"Total";"42 years";6;1
"2022";"Total";"43 years";3;2
"2022";"Total";"44 years";1;1
"2022";"Total";"45 years";4;2
"2022";"Total";"46 years";7;2
"2022";"Total";"47 years";9;2
"2022";"Total";"48 years";4;3
"2022";"Total";"49 years";4;7
"2022";"Total";"50 years";4;3
"2022";"Total";"51 years";4;6
"2022";"Total";"52 years";9;5
"2022";"Total";"53 years";6;8
"2022";"Total";"54 years";6;1
"2022";"Total";"55 years";8;7
"2022";"Total";"56 years";8;5
"2022";"Total";"57 years";10;3
"2022";"Total";"58 years";8;8
"2022";"Total";"59 years";10;4
"2022";"Total";"60 years";20;11
"2022";"Total";"61 years";14;4
"2022";"Total";"62 years";16;11
"2022";"Total";"63 years";21;10
"2022";"Total";"64 years";19;15
"2022";"Total";"65 years";18;16
"2022";"Total";"66 years";25;17
"2022";"Total";"67 years";16;18
"2022";"Total";"68 years";27;13
"2022";"Total";"69 years";12;20
"2022";"Total";"70 years";28;18
"2022";"Total";"71 years";24;17
"2022";"Total";"72 years";25;24
"2022";"Total";"73 years";32;20
"2022";"Total";"74 years";37;27
"2022";"Total";"75 years";28;21
"2022";"Total";"76 years";39;37
"2022";"Total";"77 years";57;24
"2022";"Total";"78 years";35;41
"2022";"Total";"79 years";43;37
"2022";"Total";"80 years";30;35
"2022";"Total";"81 years";38;37
"2022";"Total";"82 years";43;30
"2022";"Total";"83 years";50;47
"2022";"Total";"84 years";53;41
"2022";"Total";"85 years";40;40
"2022";"Total";"86 years";45;34
"2022";"Total";"87 years";43;54
"2022";"Total";"88 years";43;61
"2022";"Total";"89 years";45;46
"2022";"Total";"90 years";46;65
"2022";"Total";"91 years";38;47
"2022";"Total";"92 years";29;52
"2022";"Total";"93 years";28;40
"2022";"Total";"94 years";23;29
"2022";"Total";"95 years";18;48
"2022";"Total";"96 years";16;34
"2022";"Total";"97 years";10;24
"2022";"Total";"98 years";6;22
"2022";"Total";"99 years";3;16
"2022";"Total";"100 years";2;6
"2022";"Total";"101 years";1;6
"2022";"Total";"102 years";2;2
"2022";"Total";"103 years";0;2
"2022";"Total";"104 years";1;3
"2022";"Total";"105 years";0;2
"2022";"Total";"106 years";0;0
"2022";"Total";"107 years";0;0
"2022";"Total";"108 years";0;0
"2022";"Total";"109 years";0;1
