"Estimated Resident Population by Age and Sex (1991+) (Annual-Dec)","","","","","","","","","","","","","","","","","","","","","","","","","","","","","","","","","","","","","","","","","","","","","","","","","","","","","","","","","","","","","","","","","","","","","","","","","","","","","","","","","","","","","","","","","","","","","","","","","","","","","","","","","","","","","","","","","","","","","","","","","","","","","","","","","","","","","","","","","","","","","","","","","","","","","","","","","","","","","","","","","","","","","","","","","","","","","","","","","","","","","","","","","","","","","","","","","","","","","","","","","","","","","","","","","","","","","","","","","","","","","","","","","","","","","","","","","","","","","","","","","","","","","","","","","","","","","","","","","","","","","","","","","","","","","","","",""
"","Mean year ended","","","","","","","","","","","","","","","","","","","","","","","","","","","","","","","","","","","","","","","","","","","","","","","","","","","","","","","","","","","","","","","","","","","","","","","","","","","","","","","","","","","","","","","","","","","","","","","","","","","","","","","","","","","","","","","","","","","","","","","","","","","","","","","","","","","","","","","","","","","","","","","","","","","","","","","","","","","","","","","","","","","","","","","","","","","","","","","","","","","","","","","","","","","","","","","","","","","","","","","","","","","","","","","","","","","","","","","","","","","","","","","","","","","","","","","","","","","","","","","","","","","","","","","","","","","","","","","","","","","","","","","","","","","","","","",""
" ","Male","","","","","","","","","","","","","","","","","","","","","","","","","","","","","","","","","","","","","","","","","","","","","","","","","","","","","","","","","","","","","","","","","","","","","","","","","","","","","","","","","","","","","","","","","","","","","","","","","","","","","","","","","","","","","","","","","","","","","","","","","","","","","","","","","","","","","","","","Female","","","","","","","","","","","","","","","","","","","","","","","","","","","","","","","","","","","","","","","","","","","","","","","","","","","","","","","","","","","","","","","","","","","","","","","","","","","","","","","","","","","","","","","","","","","","","","","","","","","","","","","","","","","","","","","","","","","","","","","","","","","","","","","","","","","","","","",""
" ","0 Years","1 Years","2 Years","3 Years","4 Years","5 Years","6 Years","7 Years","8 Years","9 Years","10 Years","11 Years","12 Years","13 Years","14 Years","15 Years","16 Years","17 Years","18 Years","19 Years","20 Years","21 Years","22 Years","23 Years","24 Years","25 Years","26 Years","27 Years","28 Years","29 Years","30 Years","31 Years","32 Years","33 Years","34 Years","35 Years","36 Years","37 Years","38 Years","39 Years","40 Years","41 Years","42 Years","43 Years","44 Years","45 Years","46 Years","47 Years","48 Years","49 Years","50 Years","51 Years","52 Years","53 Years","54 Years","55 Years","56 Years","57 Years","58 Years","59 Years","60 Years","61 Years","62 Years","63 Years","64 Years","65 Years","66 Years","67 Years","68 Years","69 Years","70 Years","71 Years","72 Years","73 Years","74 Years","75 Years","76 Years","77 Years","78 Years","79 Years","80 Years","81 Years","82 Years","83 Years","84 Years","85 Years","86 Years","87 Years","88 Years","89 Years","90 Years","91 Years","92 Years","93 Years","94 Years","0-4 Years","5-9 Years","10-14 Years","15-19 Years","20-24 Years","25-29 Years","30-34 Years","35-39 Years","40-44 Years","45-49 Years","50-54 Years","55-59 Years","60-64 Years","65-69 Years","70-74 Years","75-79 Years","80-84 Years","85-89 Years","Under 15 Years","Under 16 Years","Under 18 Years","Under 20 Years","15-39 Years","15-49 Years","15-59 Years","40-64 Years","15-64 Years","15 Years and Over","16 Years and Over","18 Years and Over","20 Years and Over","90-94 Years","60 Years and Over","65 Years and Over","75 Years and Over","80 Years and Over","85 Years and Over","90 Years and Over","95 Years and Over","Median Age (Years)","Total All Ages","0 Years","1 Years","2 Years","3 Years","4 Years","5 Years","6 Years","7 Years","8 Years","9 Years","10 Years","11 Years","12 Years","13 Years","14 Years","15 Years","16 Years","17 Years","18 Years","19 Years","20 Years","21 Years","22 Years","23 Years","24 Years","25 Years","26 Years","27 Years","28 Years","29 Years","30 Years","31 Years","32 Years","33 Years","34 Years","35 Years","36 Years","37 Years","38 Years","39 Years","40 Years","41 Years","42 Years","43 Years","44 Years","45 Years","46 Years","47 Years","48 Years","49 Years","50 Years","51 Years","52 Years","53 Years","54 Years","55 Years","56 Years","57 Years","58 Years","59 Years","60 Years","61 Years","62 Years","63 Years","64 Years","65 Years","66 Years","67 Years","68 Years","69 Years","70 Years","71 Years","72 Years","73 Years","74 Years","75 Years","76 Years","77 Years","78 Years","79 Years","80 Years","81 Years","82 Years","83 Years","84 Years","85 Years","86 Years","87 Years","88 Years","89 Years","90 Years","91 Years","92 Years","93 Years","94 Years","0-4 Years","5-9 Years","10-14 Years","15-19 Years","20-24 Years","25-29 Years","30-34 Years","35-39 Years","40-44 Years","45-49 Years","50-54 Years","55-59 Years","60-64 Years","65-69 Years","70-74 Years","75-79 Years","80-84 Years","85-89 Years","Under 15 Years","Under 16 Years","Under 18 Years","Under 20 Years","15-39 Years","15-49 Years","15-59 Years","40-64 Years","15-64 Years","15 Years and Over","16 Years and Over","18 Years and Over","20 Years and Over","90-94 Years","60 Years and Over","65 Years and Over","75 Years and Over","80 Years and Over","85 Years and Over","90 Years and Over","95 Years and Over","Median Age (Years)","Total All Ages"
1991,31050,30190,29400,28930,27570,27090,26860,26580,26350,26420,26990,26670,26130,25810,26790,27070,27840,28970,29620,30490,30540,29620,29030,27480,26650,26480,26850,28060,28800,29250,28950,28600,28100,27160,26830,26340,25550,25220,24540,24500,24300,24310,24460,24390,24250,21310,19980,19050,17890,19120,19060,17750,16350,15750,15150,14640,14430,14240,14310,14600,15060,14850,14620,14550,14240,13740,13170,12360,11780,11390,10820,9950,8290,7930,7870,7390,6870,6540,5850,5190,4530,3930,3420,2940,2450,2050,1630,1320,1070,850,"..","..","..","..","..",147130,133310,132390,144000,143320,139440,139640,126140,121710,97360,84060,72220,73310,62450,44860,31850,17270,6930,412800,439900,496700,556800,692600,911600,1067900,448700,1141200,1306700,1279600,1222800,1162700,"..",238800,165500,58200,26300,9100,2150,"..",30.7,1719500,29520,29040,28100,27430,26090,26090,25590,25190,24840,24870,25520,25390,25380,25020,26190,26540,27830,28920,29800,30900,30870,29740,28850,28080,27600,27030,27620,29090,30270,30610,30430,29390,29020,27960,27500,27020,26390,25840,25140,24740,24510,24550,24360,24720,24470,21440,20160,18850,17910,19140,19010,17740,16570,15740,15370,14740,14090,14240,14320,14340,14940,14820,14580,14410,14270,14200,14140,13670,13480,13540,13150,12590,10710,10660,10730,10130,9930,9390,8830,8060,7160,6700,6240,5350,4660,4190,3550,3030,2490,2060,"..","..","..","..","..",140180,126590,127490,143990,145140,144630,144300,129140,122590,97490,84430,71730,73030,69020,57840,46340,30110,15310,394300,420800,477600,538200,707200,927300,1083400,449300,1156500,1382000,1355500,1298700,1238000,"..",298600,225600,98700,52400,22200,6930,"..",32.0,1776300
1992,30820,31000,30190,29390,28960,27610,27120,26900,26620,26390,26470,27060,26740,26230,25900,26920,27210,27920,28980,29630,30390,30170,29090,28580,27210,26490,26440,26960,28240,29010,29430,29110,28700,28200,27240,26920,26400,25620,25290,24630,24550,24360,24400,24520,24450,24280,21310,19980,19040,17850,19090,18990,17690,16290,15680,15080,14520,14300,14120,14180,14430,14900,14650,14390,14260,13920,13410,12830,11990,11440,11030,10390,9550,7930,7520,7470,6960,6450,6090,5390,4730,4110,3510,3020,2560,2140,1770,1360,1100,880,690,520,360,250,180,150370,134640,132400,140660,145440,137150,142670,128850,122280,102470,87740,72200,72630,63590,46420,32360,17940,7250,417400,444300,499500,558100,694800,919500,1079500,457300,1152100,1322000,1295100,1239900,1181300,2010,242500,169900,59900,27500,9600,2330,330,31.0,1739400,28700,29480,29060,28130,27470,26120,26120,25610,25220,24870,24920,25580,25440,25450,25090,26300,26670,27900,28930,29700,30640,30420,29230,28490,27880,27560,27150,27780,29290,30470,30780,30560,29460,29090,28020,27530,27060,26430,25880,25180,24790,24540,24570,24370,24710,24460,21400,20100,18810,17860,19080,18950,17680,16520,15690,15310,14670,14010,14140,14220,14250,14820,14680,14440,14260,14080,14000,13950,13460,13230,13260,12870,12300,10430,10370,10400,9780,9570,9000,8430,7650,6720,6260,5770,4900,4230,3750,3140,2650,2150,1750,1470,1050,810,660,142840,127950,126480,139490,146660,142250,147900,132080,122980,102640,87920,72350,72450,68720,59220,47180,31300,15910,397300,423600,478100,536800,708400,934000,1094300,458400,1166700,1396300,1370000,1315500,1256800,5720,302100,229600,101700,54500,23200,7270,1550,32.3,1793600
1993,30060,30820,31090,30250,29450,29070,27720,27210,27010,26730,26510,26600,27190,26900,26410,26070,27090,27330,27970,29010,29570,30060,29670,28640,28260,27030,26430,26520,27170,28560,29310,29610,29220,28810,28330,27370,27050,26510,25730,25400,24740,24640,24470,24490,24590,24530,24340,21320,19950,19010,17830,19050,18930,17630,16220,15580,14980,14410,14180,14000,14020,14280,14700,14420,14140,13960,13580,13080,12470,11600,11030,10610,9980,9130,7550,7100,7030,6500,6000,5600,4920,4290,3700,3100,2640,2210,1860,1480,1120,920,710,550,400,270,190,151670,137740,133610,137470,146200,135710,145290,132050,122930,109150,89660,73150,71570,64690,48300,32230,18650,7590,423000,449100,503500,560500,696700,928800,1091600,466500,1163200,1337100,1311000,1256600,1199600,2120,245500,173900,60900,28700,10100,2470,350,31.3,1760100,28230,28710,29540,29130,28220,27570,26190,26190,25690,25300,24980,25030,25710,25570,25590,25270,26520,26800,27960,28960,29590,30260,29920,28870,28380,27880,27710,27420,28060,29560,30690,30990,30730,29620,29210,28140,27650,27210,26560,26010,25300,24880,24610,24630,24420,24730,24450,21380,20090,18780,17810,19020,18900,17640,16440,15620,15250,14610,13930,14030,14130,14150,14700,14540,14300,14090,13900,13790,13750,13220,12960,13010,12590,11990,10120,10040,10050,9410,9170,8600,7970,7200,6290,5800,5310,4460,3800,3330,2760,2300,1820,1450,1210,860,650,143830,130950,126870,135510,147020,140640,151250,135570,123830,109430,89810,73440,71810,68760,60670,47270,32570,16650,401700,426900,480200,537200,710000,943200,1106500,468300,1178300,1411900,1386600,1333300,1276400,5990,305400,233500,104100,56800,24300,7620,1630,32.7,1813500
1994,29730,30190,31010,31280,30450,29630,29260,27900,27400,27210,26940,26730,26820,27430,27160,26700,26370,27300,27460,28090,28950,29250,29540,29220,28300,28050,27000,26510,26730,27570,28980,29630,29800,29420,29060,28580,27600,27230,26690,25950,25600,24910,24790,24610,24640,24760,24660,24440,21370,19970,19020,17810,18980,18850,17560,16140,15490,14870,14300,14060,13860,13870,14110,14510,14190,13870,13640,13250,12730,12110,11210,10650,10210,9560,8700,7140,6690,6590,6060,5550,5120,4500,3900,3300,2720,2280,1880,1580,1230,930,750,560,420,310,200,152660,141400,135080,135920,145270,135860,146900,136050,124550,115200,92230,74860,70540,65600,50340,32030,19550,7910,429100,455800,509500,565100,700000,939700,1106800,477400,1177400,1355400,1328700,1275000,1219500,2250,248600,178000,62100,30100,10500,2620,370,31.6,1784600,27970,28350,28870,29690,29320,28400,27730,26340,26360,25860,25490,25180,25230,25910,25810,25840,25550,26720,26890,28010,28870,29240,29760,29530,28720,28440,28110,28090,27840,28510,29990,31060,31300,31000,29880,29460,28360,27880,27450,26790,26230,25470,25050,24770,24760,24530,24780,24460,21400,20090,18770,17780,18960,18840,17560,16360,15550,15180,14520,13850,13930,14030,14030,14550,14380,14130,13910,13700,13590,13540,12990,12700,12720,12280,11650,9800,9710,9700,9020,8760,8130,7520,6750,5850,5350,4850,3990,3380,2930,2400,1970,1520,1200,1000,690,144190,134690,127620,133010,146120,140990,153230,139950,126270,115250,91910,75460,70920,68870,62350,46990,33600,17560,406500,432300,484600,539500,713300,954800,1122200,479800,1193100,1430600,1404700,1352400,1297500,6380,308400,237400,106200,59200,25600,8060,1680,33.0,1837000
1995,29760,29920,30440,31280,31580,30760,29910,29550,28190,27690,27500,27200,27030,27130,27750,27500,27080,26690,27510,27650,28140,28620,28680,28960,28770,27980,27920,27090,26840,27210,28160,29460,30030,30140,29770,29450,28890,27860,27510,26980,26290,25860,25150,25030,24830,24850,24910,24790,24550,21440,20010,19030,17770,18920,18770,17500,16040,15370,14760,14170,13910,13720,13690,13910,14270,13880,13550,13300,12890,12360,11710,10860,10240,9770,9130,8250,6750,6270,6150,5610,5080,4660,4060,3530,2920,2360,1950,1580,1310,1040,760,570,440,330,230,152980,146110,136610,136420,143160,137040,147570,140690,127160,120550,94500,77840,69510,65990,51700,33040,20250,8240,435700,463200,517000,572100,704900,952600,1124900,489600,1194400,1376400,1348900,1295100,1239900,2330,251400,181900,64200,31200,11000,2720,390,31.9,1812100,28050,28130,28570,29110,29940,29590,28660,27970,26600,26590,26090,25760,25450,25500,26200,26120,26190,25830,26860,26960,28020,28630,28780,29350,29280,28670,28670,28530,28620,28410,29110,30520,31510,31700,31380,30270,29800,28690,28210,27760,27070,26480,25710,25240,24940,24940,24620,24840,24500,21390,20060,18730,17730,18900,18780,17480,16280,15490,15120,14440,13750,13820,13930,13900,14400,14210,13960,13720,13510,13400,13300,12730,12410,12410,11940,11300,9470,9350,9340,8630,8330,7690,7040,6260,5390,4880,4370,3560,2980,2540,2040,1640,1260,960,780,143800,139420,129000,131960,144060,142900,154220,144730,129450,120300,94190,78820,69800,68790,62780,48090,34700,18320,412200,438300,490400,544200,717900,967600,1140600,492600,1210400,1451500,1425400,1373400,1319500,6670,310900,241100,109500,61400,26700,8400,1720,33.3,1863700
1996,29660,29970,30230,30780,31620,31940,31130,30280,29900,28530,28040,27830,27540,27380,27480,28150,27870,27390,26930,27660,27670,27910,28110,28160,28500,28440,27910,28040,27450,27430,27910,28760,29930,30530,30670,30330,29880,29230,28220,27860,27380,26610,26130,25400,25270,25080,25040,25040,24910,24640,21500,20030,19000,17720,18840,18690,17420,15930,15260,14620,14010,13740,13550,13480,13690,14000,13580,13230,12940,12510,11940,11280,10450,9800,9320,8640,7770,6310,5850,5690,5160,4630,4220,3640,3140,2540,2030,1630,1330,1080,830,590,440,330,240,152260,151780,138270,137990,140360,139280,147800,145520,130790,124710,97090,81910,68470,66270,52800,34270,20780,8600,442300,470500,525700,580300,710900,966400,1145400,503000,1213900,1399500,1371300,1316100,1261500,2430,254000,185600,66500,32200,11500,2860,430,32.1,1841800,27700,28220,28380,28850,29370,30230,29910,28950,28280,26910,26860,26390,26060,25750,25820,26540,26500,26510,25990,26950,26990,27800,28180,28340,29130,29300,28950,29220,29150,29310,29200,29780,31090,32110,32240,31860,30690,30170,29050,28570,28110,27400,26720,25930,25420,25080,25060,24700,24900,24520,21360,20010,18690,17690,18850,18730,17400,16210,15430,15030,14350,13660,13700,13810,13740,14220,14010,13760,13510,13280,13160,13030,12440,12080,12070,11580,10950,9110,8980,8930,8200,7890,7200,6520,5750,4900,4390,3900,3130,2570,2150,1690,1360,1010,750,142520,144270,130880,132500,140440,145930,154410,150340,133570,124250,96600,82800,69250,68780,62790,49540,35560,18900,417700,444200,497200,550200,723600,981500,1160900,506500,1230100,1474400,1447800,1394800,1341900,6960,313500,244300,112700,63200,27600,8730,1770,33.6,1892100
1997,29120,29750,30150,30400,30980,31800,32140,31380,30510,30110,28830,28310,28050,27710,27570,27700,28320,27920,27380,26880,27510,27270,27300,27480,27590,28090,28210,27940,28230,27840,27930,28390,29080,30260,30890,31020,30600,30040,29430,28440,28090,27590,26730,26240,25510,25400,25180,25080,25040,24910,24660,21490,19950,18950,17640,18760,18620,17350,15840,15160,14500,13890,13630,13410,13280,13430,13700,13280,12890,12590,12120,11530,10880,10050,9370,8870,8180,7330,5920,5450,5250,4700,4210,3780,3190,2730,2170,1730,1360,1090,880,660,450,330,240,150390,155940,140450,138210,137150,140310,146550,149520,134150,125610,102690,85740,68710,65890,53950,35750,21130,9080,446800,474500,530700,585000,711700,971500,1159900,516900,1228600,1417500,1389800,1333500,1279300,2560,257500,188800,69000,33200,12100,3030,470,32.5,1864300,27810,27780,28380,28560,29060,29590,30500,30160,29180,28530,27210,27120,26640,26280,26030,26160,26890,26790,26660,26090,26920,26720,27350,27720,27990,28980,29500,29360,29820,29790,30000,29800,30260,31520,32510,32590,32180,31010,30440,29310,28800,28320,27560,26810,26060,25540,25160,25130,24730,24920,24530,21370,20000,18700,17660,18840,18700,17370,16200,15390,14960,14320,13620,13610,13720,13630,14080,13820,13540,13300,13040,12890,12770,12160,11760,11710,11230,10590,8750,8580,8470,7760,7390,6710,6010,5270,4460,3940,3440,2700,2180,1810,1390,1080,810,141590,147950,133280,132580,136700,147450,154080,155530,137550,125480,102260,86490,70240,68370,62620,50860,36350,19810,422800,449000,502700,555400,726400,989400,1178100,522000,1248400,1495500,1469300,1415700,1362900,7260,317400,247100,116100,65300,28900,9100,1840,33.9,1918300
1998,29460,29090,29780,30210,30480,31040,31840,32210,31520,30600,30200,29000,28430,28140,27710,27600,27720,28210,27710,27120,26530,26890,26470,26430,26670,26910,27640,27820,27840,28290,28010,28150,28530,29150,30300,30980,31150,30640,30010,29410,28490,28150,27600,26690,26170,25460,25380,25150,25000,24950,24830,24570,21400,19860,18870,17510,18650,18530,17270,15740,15080,14410,13770,13540,13260,13090,13180,13410,12960,12520,12230,11710,11110,10470,9640,8930,8400,7750,6910,5540,5010,4780,4260,3800,3360,2790,2340,1860,1460,1130,890,710,510,340,240,149030,157210,143480,138360,132980,138520,144140,152180,137100,125940,109540,87700,70060,65150,55160,37540,21200,9580,449700,477300,533300,588100,706200,969200,1166500,530300,1236500,1428400,1400800,1344800,1290000,2700,261900,191800,71500,34000,12800,3210,510,32.8,1878100,27900,27830,27820,28450,28650,29140,29660,30630,30280,29310,28670,27400,27240,26770,26400,26210,26430,27040,26770,26600,26050,26580,26100,26700,27170,27680,28890,29660,29670,30220,30190,30320,30020,30500,31700,32670,32750,32370,31170,30550,29450,28860,28370,27610,26800,26060,25520,25140,25100,24690,24860,24510,21330,19980,18690,17620,18830,18690,17350,16210,15380,14940,14310,13590,13530,13620,13500,13920,13650,13320,13060,12800,12620,12470,11860,11430,11350,10890,10200,8370,8170,8000,7340,6900,6210,5510,4830,3990,3490,2980,2290,1840,1500,1130,870,140650,149020,136480,133050,132590,146130,152720,159490,141110,126510,109380,88700,71750,68010,62810,52230,36630,20810,426200,452400,505800,559200,724000,991600,1189700,537400,1261400,1511500,1485300,1431900,1378500,7630,321900,250100,119300,67100,30400,9630,2000,34.3,1937700
1999,28640,29370,29000,29720,30150,30450,31010,31810,32190,31570,30610,30220,29110,28500,28170,27690,27660,27680,27990,27400,26700,25880,25930,25440,25480,25800,26220,27140,27570,27830,28220,27980,28130,28500,29050,30220,30950,31110,30550,29910,29330,28410,28050,27480,26600,26040,25320,25270,25030,24860,24770,24660,24420,21280,19760,18770,17370,18530,18440,17160,15620,14980,14300,13640,13420,13080,12880,12930,13140,12650,12160,11870,11300,10690,10030,9220,8460,7940,7280,6430,5120,4580,4340,3840,3420,2980,2420,2000,1570,1220,900,710,550,390,260,146900,157040,146620,138430,129430,134550,141890,152740,139870,126520,114880,90270,71960,64680,56060,39340,21300,10180,450500,478200,533600,589000,697000,963400,1168600,543500,1240600,1435500,1407800,1352400,1297000,2810,266900,194900,74200,34800,13500,3350,530,33.2,1886000,27060,27830,27790,27760,28420,28630,29110,29650,30670,30300,29320,28690,27510,27290,26830,26500,26440,26600,27010,26660,26480,25740,25870,25300,26070,26740,27550,28870,29850,29900,30460,30340,30380,30110,30600,31750,32750,32790,32430,31200,30550,29450,28840,28340,27550,26710,25980,25460,25060,25020,24600,24770,24440,21300,19940,18660,17550,18790,18650,17320,16200,15360,14890,14280,13550,13450,13500,13360,13770,13450,13090,12780,12520,12350,12150,11530,11060,10970,10500,9790,7990,7750,7530,6870,6420,5700,4990,4360,3520,3070,2550,1920,1530,1230,910,138870,148370,139650,133210,129460,142920,151910,160930,144720,128220,115050,90970,74290,67530,62900,53860,36560,21650,426900,453400,506400,560100,718400,991400,1197400,553200,1271700,1524400,1497900,1444900,1391200,8130,327100,252800,122300,68500,31900,10260,2130,34.7,1951300
2000,29090,28560,29320,28940,29700,30120,30420,31000,31760,32160,31570,30610,30220,29190,28570,28240,27810,27850,27710,27800,27070,26100,25070,24960,24480,24670,25190,25760,27060,27660,27890,28150,27900,28140,28450,28970,30140,30840,31020,30460,29810,29240,28270,27930,27360,26450,25860,25130,25130,24860,24670,24560,24480,24240,21120,19610,18630,17240,18410,18310,17040,15480,14870,14200,13510,13280,12870,12630,12630,12820,12340,11800,11480,10890,10260,9600,8770,7980,7470,6820,5950,4740,4150,3900,3430,3030,2600,2070,1680,1310,980,720,560,420,290,145600,155450,150160,139410,127680,130330,140530,151440,142610,127430,119070,92200,75100,64230,56770,40630,22160,10700,451200,479500,535100,590600,689400,959400,1170700,556400,1245800,1443800,1415600,1359900,1304400,2970,273100,198000,77000,36400,14200,3540,570,33.5,1895000,27620,26970,27730,27730,27710,28380,28590,29050,29610,30700,30340,29330,28740,27620,27370,26990,26840,26770,26760,27000,26570,26130,25120,25020,24590,25550,26570,27630,29080,30140,30150,30610,30370,30440,30190,30710,31820,32780,32790,32440,31200,30500,29400,28780,28270,27460,26590,25830,25340,24970,24930,24520,24660,24390,21240,19870,18610,17470,18730,18600,17260,16150,15300,14840,14240,13490,13330,13380,13210,13580,13240,12840,12530,12260,12060,11850,11210,10710,10590,10080,9370,7580,7290,7050,6410,5910,5190,4500,3870,3070,2650,2130,1600,1240,990,137760,146330,143400,134360,127430,138960,151770,160530,148150,130190,119720,93280,77790,66990,62920,54450,37680,22530,427500,454500,508100,561800,713000,991400,1204400,569100,1282200,1537600,1510600,1457000,1403300,8600,333200,255500,125500,71100,33400,10880,2280,35.1,1965100
2001,28550,28970,28450,29230,28900,29700,30080,30370,30980,31720,32130,31630,30610,30230,29310,28720,28440,28070,28340,28100,27790,26720,25520,24350,24130,23720,24060,24710,25570,27180,27770,27940,28060,27870,28170,28440,28920,30020,30720,30890,30360,29700,29140,28170,27830,27270,26310,25680,24970,24970,24660,24460,24340,24290,24080,20990,19500,18510,17120,18270,18180,16940,15330,14760,14070,13370,13130,12670,12390,12370,12490,11980,11410,11080,10470,9830,9170,8340,7510,6980,6360,5480,4340,3740,3510,3040,2650,2240,1750,1390,1060,780,550,420,300,144090,152850,153900,141670,128510,125240,139810,148990,145200,129190,121830,94390,79280,63930,57430,41830,23430,11060,450800,479600,536100,592500,684200,958600,1174800,569900,1254100,1455500,1426800,1370300,1313900,3110,280700,201400,80100,38200,14800,3740,630,33.8,1906400,27400,27510,26880,27680,27670,27680,28330,28550,29010,29580,30730,30390,29380,28830,27770,27510,27280,27210,27210,27150,27170,26440,25640,24520,24350,24120,25330,26530,27860,29430,30460,30300,30640,30380,30470,30250,30810,31840,32780,32760,32420,31170,30430,29350,28710,28180,27340,26450,25700,25220,24860,24810,24400,24560,24330,21190,19830,18580,17400,18670,18540,17210,16100,15240,14770,14190,13430,13220,13240,13050,13390,13060,12610,12280,11970,11730,11540,10890,10330,10160,9650,8910,7160,6820,6560,5900,5400,4670,4000,3410,2660,2250,1750,1280,990,137140,143150,147100,136360,128120,133270,152250,158450,152090,132890,122950,95660,81870,67140,63310,54650,39110,23380,427400,454900,509400,563700,708500,993400,1212100,585500,1293900,1552900,1525400,1470900,1416600,8930,340900,259000,128500,73900,34800,11410,2480,35.4,1980300
2002,27980,28680,29180,28670,29380,29140,29990,30380,30660,31300,32050,32460,31900,30860,30450,29620,29110,29010,29020,29470,28860,27980,26720,25500,24290,24050,23790,24250,25060,26160,27870,28350,28300,28390,28250,28530,28810,29290,30330,31020,31180,30620,29950,29340,28330,28020,27450,26440,25760,25030,24980,24610,24420,24260,24230,24010,20930,19450,18440,17040,18190,18090,16830,15210,14640,13910,13200,12930,12450,12110,12090,12150,11620,11030,10690,10030,9400,8740,7870,7060,6500,5890,5030,3920,3330,3110,2640,2260,1880,1440,1110,830,600,420,310,143880,151470,157720,146230,133350,123310,141150,147960,149420,132710,122500,99880,82960,64610,57580,43100,24680,11330,453100,482700,540800,599300,692000,974100,1196500,587500,1279500,1484700,1455100,1397000,1338500,3270,288200,205200,83000,39900,15300,3930,660,34.0,1937800,27000,27550,27770,27130,27890,27910,28030,28680,28890,29350,29910,31040,30690,29650,29120,28170,28120,28020,28120,28210,27880,27470,26530,25710,24640,24550,24450,25800,27130,28600,30270,31140,30760,31070,30810,30890,30670,31220,32240,33210,33080,32700,31420,30630,29540,28910,28320,27420,26500,25730,25210,24870,24810,24360,24540,24330,21200,19810,18550,17380,18640,18490,17170,16050,15190,14710,14080,13300,13090,13080,12880,13180,12820,12330,12010,11670,11400,11170,10500,9910,9700,9180,8400,6720,6320,6000,5360,4830,4100,3510,2930,2230,1860,1400,1010,137340,142860,150430,140640,132230,130530,154050,158230,157370,136880,123800,101280,85530,68260,63230,54660,40320,23790,430600,458800,514900,571300,715700,1009900,1235000,604900,1320500,1582800,1554600,1498400,1442100,9430,347800,262200,130700,76100,35800,11960,2530,35.6,2013400
2003,28670,28070,29010,29530,28990,29650,29500,30380,30820,31070,31720,32440,32800,32200,31190,30790,30030,29630,29760,29950,30290,29350,28160,26890,25650,24450,24280,24130,24790,25810,27030,28680,28970,28810,28950,28790,28970,29260,29770,30790,31450,31550,30990,30270,29620,28600,28300,27640,26580,25850,25120,25020,24570,24390,24210,24200,23960,20880,19400,18370,16970,18130,17990,16700,15110,14490,13740,13030,12710,12210,11820,11760,11820,11270,10670,10280,9600,8950,8270,7420,6590,6010,5410,4580,3520,2950,2740,2290,1910,1540,1180,880,660,440,310,144260,151420,160350,150160,140350,123460,142430,147580,153870,136970,123310,106810,84900,66180,57340,44530,26100,11420,456000,486800,546500,606200,704000,994800,1225000,605900,1309900,1519600,1488800,1429200,1369400,3480,294700,209700,86200,41700,15600,4170,690,34.1,1975600,27230,27050,27850,28140,27480,28180,28210,28460,29090,29290,29810,30350,31390,31030,29990,29530,28730,28840,28850,29070,29110,28410,27670,26750,26000,25000,25060,25130,26620,28060,29650,31240,31850,31420,31770,31440,31390,31170,31730,32750,33700,33480,33040,31700,30870,29780,29130,28480,27550,26590,25790,25250,24940,24830,24360,24520,24330,21230,19810,18530,17350,18620,18450,17120,15980,15110,14630,13930,13140,12930,12910,12680,12950,12580,12040,11730,11350,11060,10780,10110,9480,9230,8670,7910,6260,5790,5440,4810,4270,3580,3030,2460,1830,1480,1090,137750,143220,152570,145020,137940,129870,155930,158460,162800,141530,125170,108430,87520,69740,63160,55030,41550,23890,433500,463100,520600,578600,727200,1031500,1265100,625400,1352700,1618500,1589000,1531400,1473500,9890,353400,265800,132900,77900,36400,12460,2570,35.8,2052000
2004,29520,28550,28270,29270,29800,29240,29810,29700,30680,31150,31360,31980,32660,33030,32400,31460,31100,30290,29900,30040,30120,30210,29100,27860,26610,25430,24390,24400,24480,25320,26420,27650,29150,29400,29200,29370,29190,29290,29580,30100,31120,31740,31810,31230,30420,29770,28740,28430,27740,26640,25870,25150,24960,24490,24320,24130,24130,23870,20830,19330,18300,16880,18000,17850,16560,14990,14350,13540,12810,12450,11960,11510,11440,11480,10890,10280,9850,9150,8470,7800,6930,6110,5510,4890,4090,3100,2580,2380,1960,1590,1260,940,680,500,330,145410,150580,161430,152800,143900,124030,141810,147530,156330,141320,124790,112300,87600,68140,57270,45550,27530,11610,457400,488900,550300,610200,710100,1007700,1244800,622300,1332400,1547000,1515500,1454100,1394100,3710,302100,214500,89100,43600,16000,4430,720,34.4,2004400,28180,27130,27240,28080,28430,27770,28360,28410,28800,29410,29590,30160,30620,31620,31280,30290,29970,29160,29240,29270,29470,29350,28390,27540,26730,26190,25370,25630,25870,27450,28930,30460,31850,32370,31980,32280,31860,31740,31550,32060,33100,34060,33750,33280,31880,31030,29930,29260,28590,27640,26640,25830,25240,24940,24810,24320,24490,24360,21230,19770,18500,17320,18590,18400,17050,15890,15010,14510,13770,12980,12760,12690,12450,12690,12320,11770,11410,11030,10700,10400,9720,9040,8710,8150,7350,5750,5260,4880,4270,3720,3030,2560,2050,1460,1140,139050,142750,153270,147930,141480,130520,155600,159490,166080,146440,127470,114170,89870,72160,62920,55310,42980,23890,435100,465400,524500,583000,735000,1047500,1289200,644000,1379100,1649300,1619000,1559800,1501300,10240,360100,270200,135100,79800,36800,12950,2710,36.0,2084300
2005,29660,29310,28670,28400,29470,29990,29380,29840,29810,30840,31310,31500,32120,32780,33150,32500,31660,31230,30270,29860,29900,29770,29680,28550,27340,26140,25120,24320,24570,24840,25770,26840,28000,29430,29720,29490,29680,29420,29450,29790,30290,31300,31900,31930,31350,30510,29840,28780,28460,27770,26630,25830,25140,24890,24380,24230,24040,24020,23780,20730,19240,18220,16770,17870,17730,16400,14820,14180,13350,12630,12200,11690,11200,11110,11100,10500,9910,9420,8710,7990,7310,6440,5630,5030,4400,3660,2710,2250,2020,1660,1290,990,750,520,360,145500,149870,160850,155530,145250,124980,139750,147830,156770,145360,126860,116790,89830,71380,57300,46530,28810,12290,456200,488700,551600,611700,713300,1015500,1259100,635600,1348900,1570000,1537500,1474600,1414400,3920,310800,221000,92300,45800,17000,4690,770,34.7,2026200,28260,27960,27220,27330,28240,28610,27930,28440,28500,29050,29640,29800,30400,30780,31760,31490,30630,30200,29190,29410,29530,29480,29130,28110,27310,26690,26350,25740,26170,26540,28140,29520,30900,32250,32770,32390,32610,32150,31950,31770,32270,33280,34260,33900,33370,31970,31110,29980,29310,28620,27640,26660,25790,25190,24910,24790,24290,24490,24340,21210,19740,18460,17270,18540,18340,16990,15800,14930,14380,13610,12840,12600,12490,12230,12420,12040,11470,11070,10690,10310,9960,9290,8540,8190,7600,6770,5220,4750,4320,3730,3190,2530,2120,1660,1140,139010,142540,152380,150930,143550,131490,153580,160870,167090,150980,130200,119120,92360,75710,62580,55570,43580,24790,433900,465400,526300,584900,740400,1058500,1307800,659700,1400200,1675900,1644400,1583600,1525000,10630,368100,275700,137400,81900,38300,13500,2860,36.3,2109800
2006,30160,29500,29460,28800,28530,29680,30220,29560,29920,29960,31070,31520,31660,32250,32880,33280,32650,31800,31210,30220,29810,29600,29270,29090,28040,26920,25890,25020,24400,24800,25220,26160,27090,28240,29690,30040,29780,29990,29690,29670,30000,30460,31470,32040,32020,31450,30550,29860,28770,28470,27760,26560,25750,25090,24770,24250,24110,23910,23900,23650,20600,19150,18100,16670,17760,17580,16220,14650,14000,13160,12430,11960,11410,10870,10780,10730,10110,9490,9000,8250,7520,6830,5970,5170,4570,3930,3250,2360,1930,1710,1380,1020,770,570,400,146460,149340,159380,159160,145810,127030,136400,149170,156000,149100,129930,119830,92270,75620,57450,47570,30060,13180,455200,488500,552900,614300,717600,1022700,1272400,647100,1364700,1593600,1560300,1495800,1434400,4150,321100,228900,95800,48200,18200,4990,840,35.0,2048700,28910,28100,28070,27330,27440,28450,28830,28130,28580,28680,29350,29890,30030,30640,31000,31970,31850,30870,30180,29260,29630,29580,29280,28910,27910,27250,26870,26700,26260,26750,27190,28690,29920,31300,32680,33190,32760,32930,32390,32130,32030,32540,33500,34470,34050,33450,32050,31150,30030,29350,28600,27590,26620,25750,25160,24900,24770,24250,24450,24310,21190,19720,18430,17240,18500,18280,16910,15710,14810,14240,13440,12670,12410,12260,11980,12150,11760,11140,10700,10290,9900,9510,8810,8030,7650,7030,6170,4720,4250,3780,3210,2680,2090,1730,1310,139860,142670,150900,154130,145310,133830,149780,163390,166590,156020,133730,122680,95070,79960,62780,56040,43890,25950,433400,465400,528100,587600,746400,1069100,1325500,674100,1420500,1703100,1671100,1608400,1549000,11020,377600,282600,139800,83800,39900,13950,2930,36.6,2136500
2007,31880,30140,29610,29600,28940,28740,29940,30510,29860,30180,30270,31290,31600,31660,32160,32720,33100,32350,31450,30910,29940,29260,28860,28490,28390,27440,26530,25650,25070,24650,25100,25490,26400,27340,28520,29920,30240,29950,30210,29860,29830,30120,30540,31520,32090,32040,31420,30490,29790,28670,28380,27650,26430,25630,24940,24640,24150,23980,23790,23810,23520,20480,19000,17930,16520,17610,17370,16010,14420,13770,12880,12140,11670,11070,10530,10440,10330,9650,9050,8520,7750,7010,6340,5500,4700,4080,3500,2820,2010,1630,1400,1130,810,590,450,150180,149240,156980,160540,144940,129340,132840,150190,154100,152410,133030,120370,97450,79180,58290,47980,31290,14040,456400,489100,554600,616900,717900,1024400,1277800,657400,1375200,1611200,1578500,1513100,1450700,4380,333500,236000,98600,50600,19300,5250,880,35.3,2067600,30250,28820,28180,28170,27480,27680,28680,29060,28370,28840,28920,29540,30000,30140,30730,31130,32170,31970,30650,30100,29200,29380,29070,28770,28540,27690,27300,27050,27030,26730,27220,27680,29040,30230,31590,32970,33510,32990,33120,32520,32270,32160,32640,33580,34530,34060,33450,32030,31100,29940,29290,28510,27490,26560,25700,25100,24850,24700,24200,24410,24250,21150,19640,18360,17160,18390,18130,16770,15530,14640,14030,13250,12460,12160,12000,11680,11830,11420,10790,10310,9890,9480,9010,8300,7500,7080,6450,5580,4220,3740,3250,2710,2220,1680,1360,142900,142620,149330,156030,144970,135810,145760,165110,165190,160580,137540,123260,100560,83450,63890,56030,44180,27060,434900,466000,530100,590900,747700,1073500,1334300,687100,1434800,1723700,1692600,1628400,1567700,11210,389500,288900,141600,85500,41300,14280,3070,36.9,2158600
2008,33000,31760,30150,29680,29660,29100,28880,30160,30790,30100,30400,30500,31420,31610,31580,32000,32490,32890,31910,31210,30630,29490,28640,28160,27830,27760,26820,26190,25540,25180,24870,25350,25660,26540,27520,28630,30060,30370,30010,30260,29920,29870,30130,30520,31460,32030,31980,31300,30360,29630,28500,28210,27460,26250,25540,24780,24480,24030,23830,23680,23680,23360,20330,18860,17790,16380,17420,17140,15770,14180,13490,12570,11840,11370,10730,10190,10050,9900,9180,8570,7980,7230,6490,5780,5000,4220,3600,3050,2450,1700,1340,1140,900,650,450,154260,149030,155510,160500,144760,131480,129940,149320,151910,155300,135960,120800,104020,80890,60010,47890,32470,15020,458800,490800,556200,619300,716000,1023200,1280000,668000,1384000,1625700,1593700,1528300,1465200,4490,345700,241700,100800,52900,20500,5450,960,35.6,2084500,31380,30150,28840,28180,28200,27640,27860,28810,29230,28540,29030,29080,29600,30030,30180,30800,31280,32290,31700,30560,30040,28980,28790,28510,28330,28150,27590,27310,27270,27350,27100,27560,27890,29250,30430,31790,33140,33700,33070,33210,32640,32340,32200,32600,33530,34440,33990,33370,31930,31010,29830,29160,28390,27380,26460,25660,25020,24780,24580,24110,24370,24160,21050,19560,18280,17070,18250,17940,16580,15350,14440,13820,13010,12210,11870,11710,11390,11490,11060,10420,9900,9460,9000,8480,7750,6960,6470,5800,4970,3720,3230,2750,2270,1820,1330,146750,142080,147930,156620,144650,137680,142240,164910,163320,164730,141230,124160,107420,85190,65350,56070,44600,27910,436800,467600,531100,593400,746100,1074100,1339500,700800,1447000,1740700,1709900,1646300,1584100,11400,401200,293700,143200,87100,42500,14630,3220,37.2,2177500
2009,33080,32950,31800,30260,29800,29770,29220,29010,30350,31020,30330,30640,30690,31570,31650,31530,31980,32370,32610,31920,31240,30440,29170,28350,27820,27540,27410,26610,26200,25740,25410,25130,25530,25790,26700,27690,28760,30200,30500,30110,30370,29990,29860,30130,30490,31440,31960,31880,31230,30240,29490,28380,28050,27310,26140,25470,24640,24360,23920,23690,23580,23540,23220,20190,18720,17640,16210,17230,16910,15510,13910,13190,12260,11510,11030,10380,9830,9660,9440,8680,8060,7470,6740,5960,5240,4490,3770,3150,2650,2080,1410,1090,910,700,500,157890,149370,154880,160420,147020,133490,128560,147260,150840,156740,139360,122070,109250,83500,61900,47980,33460,16140,462100,493700,558000,622600,716800,1024300,1285800,678300,1395000,1643600,1612100,1547700,1483200,4600,357800,248600,103200,55200,21800,5610,1010,35.8,2105800,30960,31300,30230,28880,28250,28330,27770,27980,28980,29440,28680,29220,29260,29700,30090,30300,31040,31510,32210,31760,30660,30000,28700,28460,28300,28230,28170,27750,27590,27650,27800,27520,27780,28050,29450,30690,32000,33330,33860,33180,33310,32700,32360,32200,32560,33480,34360,33920,33280,31860,30910,29710,29050,28300,27280,26430,25630,24980,24680,24520,24040,24300,24060,20960,19500,18210,16970,18120,17760,16400,15120,14240,13580,12770,11930,11590,11440,11070,11140,10680,10010,9460,8990,8480,7930,7180,6380,5850,5200,4370,3200,2730,2290,1860,1450,149620,142510,146950,156820,146130,139390,140600,163050,163140,166890,145250,126240,112860,87460,67640,55910,44860,28980,439100,469400,531900,595900,746000,1076000,1347500,714400,1460400,1760100,1729800,1667200,1603200,11530,412500,299700,144600,88700,43800,14840,3310,37.4,2199100
2010,32960,33120,33020,31870,30280,29890,29860,29340,29230,30600,31290,30610,30880,30930,31770,31790,31710,32090,32330,32900,32230,31260,30320,29040,28130,27590,27350,27220,26510,26200,25840,25560,25210,25570,25880,26810,27830,28890,30290,30560,30160,30430,30020,29830,30130,30470,31380,31830,31780,31140,30110,29390,28240,27920,27190,26010,25350,24550,24270,23830,23610,23490,23430,23090,20070,18590,17490,16030,17020,16630,15250,13650,12880,11950,11180,10660,10010,9460,9270,8990,8190,7560,6950,6210,5420,4710,4010,3310,2730,2260,1730,1150,870,710,530,161250,148920,155490,160830,150980,134870,128070,144380,150570,156600,142850,124020,113710,85760,64910,48380,34320,17020,465700,497500,561300,626500,719100,1026300,1293200,687800,1406900,1663300,1631500,1567700,1502500,5000,370200,256400,105800,57400,23100,6060,1060,35.9,2129000,31390,30950,31370,30310,28980,28370,28430,27880,28140,29180,29650,28860,29450,29480,29890,30320,30650,31350,31530,32480,32110,30750,29890,28600,28330,28320,28340,28390,27980,27890,28080,28120,27660,27980,28220,29660,30880,32170,33460,34000,33320,33380,32760,32430,32210,32530,33460,34300,33840,33220,31790,30850,29650,29020,28260,27250,26420,25650,24960,24630,24450,24000,24240,23970,20890,19440,18120,16850,17950,17580,16190,14920,14040,13320,12490,11660,11340,11130,10730,10790,10250,9570,9000,8460,7930,7360,6580,5780,5250,4570,3780,2710,2280,1870,1490,153000,142010,147330,156330,149690,140910,140060,160180,164090,167360,149570,128910,117560,89930,70960,55650,45230,29550,442300,472700,534700,598700,747200,1078600,1357100,727500,1474700,1781700,1751300,1689400,1625300,12130,424600,307000,146100,90500,45200,15690,3560,37.7,2224000
2011,32240,32970,33070,32920,31800,30220,29860,29830,29390,29310,30690,31440,30730,31100,31150,31930,31990,31790,32070,32650,33230,32190,30950,29880,28540,27580,27060,26810,26820,26260,26160,25860,25480,25120,25570,25870,26820,27880,28890,30240,30510,30130,30390,29970,29760,30030,30340,31230,31650,31630,30940,29920,29200,28040,27750,26980,25870,25230,24420,24120,23730,23500,23400,23300,22980,19970,18420,17320,15860,16790,16340,14960,13330,12550,11630,10840,10290,9620,9020,8830,8530,7690,7030,6400,5670,4870,4200,3530,2870,2330,1880,1410,920,680,540,163010,148600,155110,160440,154780,134530,128210,139710,150760,154880,145850,126620,116910,88360,68800,48610,35330,17800,466700,498700,562400,627200,717700,1023300,1295800,695000,1412700,1678100,1646200,1582400,1517700,5440,382400,265400,108300,59700,24400,6550,1120,36.1,2144800,30630,31340,30920,31310,30270,29000,28340,28470,27930,28230,29320,29770,28990,29580,29670,30030,30650,30860,31270,31650,32720,32040,30390,29550,28360,28180,28140,28190,28450,28150,28030,28270,28170,27680,28040,28290,29740,30890,32260,33480,34050,33330,33370,32730,32400,32130,32430,33360,34190,33710,33090,31660,30710,29530,28930,28180,27180,26380,25640,24950,24610,24430,23940,24160,23890,20820,19330,17980,16690,17760,17360,15930,14690,13810,13080,12190,11380,11060,10790,10380,10380,9800,9090,8500,7930,7330,6780,5950,5170,4630,3950,3190,2240,1860,1470,154480,141970,147320,154460,153050,141110,140200,154650,165880,165820,153910,132330,121030,92590,74870,55810,45700,29860,443800,473800,535300,598200,743500,1075200,1361400,739000,1482400,1797700,1767600,1706100,1643200,12710,436300,315200,147800,92000,46300,16410,3700,38.0,2241400
2012,31350,32180,32840,32970,32820,31670,30060,29740,29760,29330,29310,30760,31540,30860,31310,31380,32170,32090,31810,32380,32790,32950,31630,30330,29150,27880,26980,26530,26380,26590,26110,26080,25710,25350,25040,25540,25870,26800,27870,28870,30200,30470,30060,30310,29890,29610,29880,30180,31060,31440,31400,30720,29690,28970,27860,27560,26790,25710,25100,24270,24000,23620,23370,23280,23190,22900,19780,18210,17120,15620,16510,16030,14630,12990,12200,11280,10460,9890,9210,8590,8360,8020,7170,6510,5860,5140,4350,3700,3030,2410,1940,1520,1120,720,520,162170,150550,153790,159840,156860,134360,128290,134950,150920,152180,148650,129440,117460,93630,72360,49420,35920,18620,466500,497900,562200,626400,714300,1017400,1295500,698700,1413000,1689900,1658500,1594300,1530100,5820,394400,276900,111000,61500,25600,6990,1170,36.3,2156400,29910,30570,31210,30810,31170,30160,28870,28240,28380,27880,28240,29390,29810,29030,29670,29870,30300,30790,30750,31350,31710,32430,31420,29900,29200,28220,28060,28110,28170,28490,28240,28140,28220,28120,27670,28010,28290,29740,30890,32320,33450,34040,33280,33300,32690,32310,31980,32270,33170,34000,33530,32910,31490,30590,29410,28870,28090,27150,26370,25630,24950,24570,24400,23900,24110,23780,20710,19190,17820,16530,17550,17120,15690,14450,13550,12780,11880,11060,10740,10460,9970,9930,9320,8600,7930,7370,6700,6120,5310,4540,3990,3350,2620,1800,1460,153680,143530,146150,153060,154660,141050,140400,149250,166750,163730,157920,136110,121930,98030,78370,56930,45740,30030,443400,473200,534300,596400,738400,1068900,1362900,746400,1484900,1810900,1781100,1720000,1657900,13220,448000,326100,149700,92700,47000,16970,3750,38.3,2254300
2013,30850,31440,32160,32850,32930,32740,31540,29970,29690,29740,29340,29340,30840,31680,30990,31520,31730,32370,32180,32290,32740,32740,32680,31390,30070,28840,27680,26870,26490,26390,26670,26220,26100,25740,25410,25070,25660,25990,26930,28060,29000,30290,30580,30140,30310,29910,29600,29790,30080,30960,31330,31270,30580,29550,28810,27750,27400,26650,25610,24970,24180,23930,23530,23260,23180,23070,22750,19600,18010,16890,15380,16230,15710,14280,12660,11830,10880,10060,9480,8790,8130,7870,7500,6630,5960,5290,4600,3800,3180,2530,2020,1570,1220,890,560,160230,153670,152190,160100,159630,136270,130150,131710,150310,150330,151540,132390,118080,100330,74270,51040,36090,19400,466100,497600,561700,626200,717900,1018500,1302400,702600,1420500,1709100,1677600,1613500,1549000,6270,406700,288600,114000,62900,26900,7460,1190,36.4,2175200,29400,29990,30530,31180,30710,31120,30080,28780,28190,28340,27910,28310,29460,29830,29120,29900,30200,30520,30740,30890,31510,31590,32050,31100,29820,29310,28430,28230,28390,28420,28750,28490,28200,28270,28160,27770,28090,28380,29820,30990,32400,33480,34070,33320,33230,32660,32250,31860,32130,33070,33850,33370,32770,31370,30480,29340,28810,28030,27130,26330,25630,24920,24510,24360,23860,24020,23660,20560,19070,17670,16340,17320,16880,15470,14180,13290,12490,11540,10720,10400,10070,9570,9480,8830,8090,7340,6760,6100,5500,4680,3920,3390,2780,2130,1420,151810,146500,144640,152250,156070,142780,141860,145060,166510,161970,161850,139640,123290,104980,80190,58430,46050,30380,443000,472800,533600,595200,738000,1066500,1368000,753300,1491300,1828800,1798900,1738100,1676500,13640,460800,337500,152300,93900,47800,17450,3800,38.5,2271700
2014,30030,31040,31670,32390,33010,33060,32860,31650,30110,29820,29880,29570,29600,31030,31800,31210,31860,32070,32820,33270,33390,33580,33720,33610,32340,30920,29700,28580,27750,27340,27310,27560,27010,26770,26420,25990,25630,26160,26450,27400,28490,29490,30740,31020,30550,30670,30200,29830,29980,30240,31120,31470,31340,30590,29550,28850,27780,27350,26610,25570,24940,24170,23900,23440,23180,23080,22880,22500,19380,17760,16620,15120,15890,15330,13920,12320,11440,10500,9650,9030,8340,7660,7350,6960,6060,5400,4720,4050,3320,2720,2140,1670,1280,990,700,158140,157500,151880,161240,166640,144290,135060,131630,150290,150910,154070,136160,119640,105600,76870,52940,36370,20220,467500,498700,562700,628800,738900,1040100,1330300,711100,1449900,1750000,1718700,1654800,1588700,6780,419700,300000,117500,64600,28200,8020,1240,36.3,2217500,28350,29570,30170,30710,31340,30830,31200,30170,28890,28330,28470,28060,28500,29630,29950,29430,30220,30550,30720,31100,31290,31790,31780,32390,31680,30590,30350,29360,29130,29290,29200,29390,29000,28710,28690,28540,28100,28410,28600,30050,31260,32570,33670,34220,33450,33330,32730,32260,31830,32160,33090,33840,33380,32730,31340,30460,29370,28760,27970,27100,26320,25610,24880,24430,24280,23720,23880,23470,20370,18870,17470,16110,17070,16630,15230,13910,12990,12150,11190,10380,10020,9650,9110,8980,8330,7550,6780,6220,5500,4890,4090,3370,2870,2290,1720,150130,149420,144610,152030,158930,148730,145000,143690,165170,162300,164370,143660,125520,110300,82500,60610,46080,30940,444200,473600,534400,596200,748400,1075800,1383900,761000,1509400,1858000,1828600,1767800,1706000,14350,474200,348600,155800,95200,49100,18200,3850,38.6,2302200
2015,30390,30260,31420,32050,32690,33270,33280,33040,31880,30350,30070,30130,29920,29970,31360,32170,31640,32270,32690,34030,34710,34620,35070,35510,35160,33930,32320,31150,30030,29100,28670,28520,28540,27970,27680,27330,26800,26350,26840,27070,27960,29010,30080,31310,31490,31000,31110,30590,30150,30230,30500,31300,31680,31470,30680,29660,28930,27860,27300,26560,25620,24940,24170,23870,23380,23080,22900,22630,22200,19110,17470,16310,14800,15490,14930,13510,11910,11030,10060,9220,8570,7870,7120,6800,6410,5510,4830,4120,3500,2830,2290,1740,1340,1010,760,156820,161820,151450,162810,175070,156540,141370,134380,149860,153090,155620,140310,121980,109930,79000,55730,36770,20780,470100,502300,566200,632900,770200,1073100,1369000,720900,1491000,1801700,1769500,1705600,1638900,7130,432700,310700,121800,66000,29300,8480,1350,36.1,2271800,28550,28640,29920,30480,31000,31560,31000,31350,30360,29100,28570,28700,28310,28780,29930,30340,29900,30640,30870,31220,31680,31660,32220,32680,33400,32810,31860,31790,30710,30380,30430,30190,30140,29700,29340,29200,29020,28520,28820,28930,30370,31570,32810,33930,34430,33620,33470,32810,32320,31860,32280,33180,33900,33410,32740,31350,30510,29440,28740,27930,27150,26300,25580,24860,24290,24160,23560,23680,23200,20130,18650,17230,15860,16800,16330,14930,13620,12670,11770,10810,10010,9590,9170,8600,8390,7760,6950,6210,5590,4910,4300,3510,2840,2370,1840,148590,153380,144290,152970,161640,157540,149800,144490,163110,164090,165510,147980,128180,114740,84870,63800,45760,31420,446300,476600,537100,599200,766500,1093700,1407100,768900,1535300,1894900,1864500,1804000,1741900,14860,487700,359500,159900,96100,50400,18940,4080,38.5,2341100
2016,30620,30700,30820,31960,32510,33110,33560,33520,33340,32220,30730,30400,30470,30380,30520,31980,32750,32130,32760,33690,35140,35570,35530,36420,36990,36680,35500,33790,32730,31660,30540,30000,29800,29640,29060,28670,28260,27680,27170,27540,27770,28580,29630,30750,31910,32000,31520,31520,30990,30450,30510,30720,31530,31870,31620,30730,29760,29020,27930,27300,26560,25650,24910,24140,23820,23290,22950,22720,22410,21900,18830,17190,16010,14470,15050,14470,13070,11500,10580,9620,8760,8100,7360,6620,6230,5830,4970,4280,3600,3010,2370,1880,1410,1060,780,156610,165750,152500,163300,179660,170370,149040,139310,148630,156480,156250,144730,125070,113270,81540,59240,37070,21680,474900,506800,571700,638200,801700,1106800,1407800,731200,1532800,1854700,1822700,1757800,1691400,7510,446900,321800,127000,67800,30700,9030,1520,36.0,2329500,28970,28920,29070,30470,30920,31390,31820,31230,31590,30620,29420,28890,29020,28610,29200,30530,30890,30410,30950,31390,31860,32200,32270,33180,33930,34800,34370,33420,33450,32190,31770,31720,31250,31010,30480,29990,29840,29580,29080,29260,29330,30760,31920,33080,34230,34650,33790,33630,32970,32390,31960,32450,33260,34000,33480,32760,31410,30580,29550,28760,27930,27230,26280,25560,24790,24190,24000,23390,23450,22930,19890,18390,16960,15590,16500,15990,14610,13290,12290,11370,10400,9620,9140,8700,8090,7820,7160,6360,5590,4980,4290,3680,2970,2370,1930,148350,156650,145130,154160,163450,168220,156230,147740,159320,167430,165140,153060,131800,117960,87330,67550,45950,31910,450100,480600,542000,604300,789800,1116600,1434800,776800,1566600,1936900,1906300,1845000,1782700,15230,502100,370300,165000,97500,51500,19580,4360,38.4,2387000
2017,30750,30950,31290,31460,32490,33010,33530,33870,33870,33630,32640,31170,30780,30820,30910,31210,32680,33210,32450,33450,34380,35480,35860,36150,37330,38040,37730,36790,35070,34250,33140,31940,31230,30950,30770,30110,29680,29250,28550,27970,28270,28420,29230,30210,31360,32510,32500,31960,31920,31340,30740,30740,30970,31720,32020,31710,30770,29850,29080,27940,27290,26510,25630,24850,24090,23750,23120,22760,22470,22080,21550,18540,16850,15650,14100,14630,14000,12610,11080,10100,9110,8220,7580,6850,6060,5620,5220,4420,3740,3080,2530,1950,1510,1120,810,156930,167910,156330,163000,179210,181880,158020,145570,147490,160240,156190,149350,128380,114190,86680,62410,37810,22070,481200,512400,578300,644200,827700,1135400,1440900,741600,1569300,1902100,1870800,1805000,1739100,7910,461100,332700,131900,69500,31600,9570,1660,35.9,2383200,29240,29260,29450,29650,31000,31410,31750,32120,31530,31910,30960,29750,29260,29350,29060,29810,31160,31380,30750,31350,31800,32190,32660,33060,34170,35090,36180,35770,34980,34960,33510,32940,32770,32170,31870,31230,30660,30460,30120,29580,29720,29730,31120,32250,33350,34520,34820,33930,33800,33100,32440,32050,32560,33360,34080,33510,32810,31420,30640,29640,28730,27870,27210,26240,25530,24700,24050,23820,23170,23200,22650,19600,18100,16640,15270,16150,15620,14250,12930,11900,10950,9950,9180,8670,8150,7540,7180,6560,5720,4940,4320,3680,3110,2470,1940,148600,158710,148370,154450,163870,176990,163270,152050,156170,170160,164490,158010,135580,118940,92250,70840,46900,31950,455700,485500,548000,610100,810600,1137000,1459500,784400,1595000,1976100,1946300,1883800,1821700,15520,516700,381100,169900,99100,52200,20210,4680,38.3,2431800
2018,30530,30970,31430,31870,32010,33020,33420,33840,34160,34170,33920,32980,31560,31120,31210,31550,31870,33170,33430,32890,34000,34650,35590,36140,36540,37860,38780,38620,37850,36160,35500,34360,33030,32250,32030,31760,31120,30590,30120,29400,28740,28960,29060,29830,30760,31950,33000,32930,32330,32270,31630,30980,30870,31110,31810,32130,31730,30790,29880,29050,27970,27200,26390,25500,24770,24040,23580,22910,22510,22200,21710,21170,18180,16470,15290,13690,14160,13500,12100,10610,9590,8560,7670,7020,6320,5490,5030,4590,3860,3200,2570,2070,1560,1180,860,156810,168610,160790,162920,176920,189270,167170,152980,147350,162480,156390,153580,131830,115250,92820,64060,39160,22170,486200,517800,582800,649100,849300,1159100,1469100,751600,1600900,1944400,1912800,1847800,1781400,8230,475300,343500,135400,71300,32200,10010,1780,36.0,2430600,29000,29440,29690,30000,30130,31490,31800,32050,32370,31810,32180,31260,30060,29620,29700,29580,30390,31580,31590,31030,31780,32130,32440,33220,33730,35090,36270,37470,37080,36210,36160,34560,33950,33500,32970,32610,31890,31230,31000,30570,30010,30060,30040,31370,32500,33570,34690,34910,34000,33900,33150,32470,32100,32630,33410,34120,33530,32800,31390,30600,29660,28680,27820,27150,26140,25420,24550,23830,23580,22870,22920,22330,19290,17770,16290,14920,15790,15200,13840,12520,11460,10480,9470,8710,8180,7610,6940,6560,5910,5090,4310,3700,3100,2550,2000,148260,159520,152820,154170,163300,182120,171130,157310,153990,171080,163760,162440,139450,120260,98590,72270,48290,32100,460600,490200,552200,614800,828000,1153100,1479300,790700,1618800,2010900,1981300,1919400,1856700,15660,531600,392200,173300,101000,52700,20650,4990,38.3,2471500
2019,30650,30730,31430,31960,32390,32570,33390,33810,34210,34550,34530,34250,33390,31960,31530,31750,32080,32240,33410,33870,33320,34400,34820,35920,36510,36900,38350,39360,39320,38670,37080,36400,35230,33820,33110,32850,32600,31980,31340,30870,30120,29370,29570,29620,30300,31140,32330,33330,33210,32590,32430,31700,30990,30930,31130,31800,32090,31670,30740,29830,29020,27940,27170,26330,25490,24710,23920,23440,22730,22310,21920,21430,20800,17810,16130,14920,13310,13730,13020,11600,10140,9090,8030,7140,6480,5790,4970,4480,4000,3310,2700,2110,1680,1210,920,157170,168530,165670,163350,174970,192600,175630,159640,148980,162610,157180,156130,135950,117110,98100,66580,40880,22550,491400,523100,587400,654700,866200,1177800,1491100,760800,1627000,1982800,1951100,1886700,1819500,8610,491700,355800,140600,74000,33100,10570,1960,36.2,2474200,29000,29180,29860,30160,30490,30630,31920,32180,32430,32730,32120,32510,31600,30410,29980,30190,30100,30770,31780,31920,31340,32030,32400,32980,33790,34500,36080,37380,38420,38150,37220,37120,35370,34580,34170,33650,33240,32520,31820,31490,31020,30400,30400,30350,31620,32720,33720,34800,35050,34050,34000,33200,32470,32140,32660,33440,34170,33590,32810,31430,30630,29720,28720,27890,27160,26130,25340,24450,23700,23400,22680,22710,22060,19000,17480,16020,14620,15450,14830,13430,12110,11010,10010,9010,8250,7660,7050,6330,5910,5270,4470,3680,3090,2550,2050,148690,159890,156610,154760,162540,184530,178450,162730,153790,170340,164480,165450,144120,123020,103930,74350,50390,32210,465200,495400,556300,619900,843000,1167100,1497100,798200,1641200,2046200,2016000,1955100,1891400,15850,549100,405000,178100,103700,53300,21100,5260,38.3,2511400
2020,30400,30910,31190,32030,32480,32910,33020,33780,34220,34620,34970,34880,34630,33780,32340,31960,32210,32350,32470,33920,34480,33900,34890,35510,36820,37420,37870,39290,40360,40370,39770,38170,37430,36150,34650,34020,33630,33430,32720,32080,31560,30730,29940,30090,30110,30680,31530,32640,33600,33440,32800,32610,31790,31120,31030,31240,31890,32190,31760,30780,29880,29110,28070,27250,26450,25610,24760,23900,23390,22680,22180,21730,21230,20530,17540,15820,14590,12940,13310,12550,11120,9660,8600,7540,6650,5950,5260,4430,3930,3470,2850,2250,1710,1350,950,157010,168540,170610,162910,175600,195320,186170,165890,152440,161880,159360,157850,140760,120330,103200,69210,43560,23050,496200,528100,592700,659100,885900,1200200,1517400,772300,1658200,2028800,1996800,1932300,1865900,9110,511400,370600,147100,77900,34300,11260,2150,36.4,2524900,29070,29190,29620,30380,30670,31000,31070,32360,32600,32850,33090,32530,32880,31940,30760,30460,30640,30420,30940,32020,32220,31660,32450,33120,33920,34920,35820,37610,38820,39830,39410,38330,38080,36100,35300,34900,34300,33860,33130,32370,32010,31460,30800,30750,30650,31900,32960,33950,34950,35220,34210,34180,33400,32640,32330,32880,33660,34430,33820,33040,31700,30890,29980,28980,28140,27400,26270,25440,24510,23700,23340,22610,22600,21910,18840,17280,15800,14390,15150,14490,13050,11720,10620,9560,8550,7730,7150,6470,5740,5270,4640,3860,3130,2580,2080,148930,159880,161210,154480,163370,187000,187220,168560,155670,168990,166760,167830,149700,127320,109300,77110,53500,32360,470000,500500,561500,624500,860600,1185300,1519900,808900,1669600,2091000,2060500,1999500,1936500,16280,571100,421400,184800,107700,54200,21810,5530,38.5,2561000
2021,31130,30500,31080,31420,32200,32650,33030,33160,33890,34320,34730,35090,35010,34750,33870,32400,32050,32200,32140,32210,33610,34180,33590,34530,35100,36360,36920,37390,38840,39980,40070,39500,38020,37390,36170,34740,34030,33650,33430,32770,32150,31640,30800,29950,30160,30160,30720,31500,32650,33590,33430,32740,32550,31700,31020,30910,31100,31750,32040,31580,30610,29680,28840,27840,27000,26200,25290,24430,23570,23010,22300,21780,21290,20780,20050,17070,15390,14130,12450,12790,11990,10570,9130,8050,6990,6080,5420,4740,3910,3410,2980,2410,1840,1380,1050,156320,167060,173450,160990,171000,189500,191150,168610,154710,158620,161430,157380,143970,122500,106210,71830,46730,23560,496800,529200,593500,657800,881300,1194600,1513400,776100,1657400,2040200,2007800,1943500,1879200,9660,526800,382800,154100,82300,35500,11970,2310,36.7,2537000,29570,29180,29380,29810,30580,30810,31120,31200,32510,32710,32970,33190,32640,32990,32010,30860,30520,30610,30230,30740,31790,32020,31410,32170,32860,33650,34700,35690,37480,38770,39850,39440,38410,38170,36200,35390,35000,34360,33980,33240,32460,32080,31510,30900,30790,30660,31920,32980,33950,34950,35190,34160,34100,33290,32530,32190,32720,33480,34220,33620,32820,31440,30650,29720,28760,27900,27120,25930,25140,24200,23400,23010,22260,22240,21540,18500,16920,15450,14020,14750,14050,12600,11220,10120,9050,8040,7210,6590,5880,5150,4630,4020,3290,2600,2110,148510,158350,163790,152950,160250,180290,192080,171960,157750,164450,169280,166240,153380,130290,112460,79640,57050,32870,470700,501500,562600,623600,857500,1179700,1515200,811100,1668600,2103400,2072600,2011400,1950500,16660,588200,434800,192000,112400,55400,22500,5840,38.8,2574100
2022,30480,31080,30580,31280,31590,32300,32750,33100,33190,33950,34390,34810,35130,35090,34800,33970,32480,32080,32030,31890,32040,33370,33930,33240,34150,34610,35730,36290,36820,38280,39570,39780,39270,37860,37330,36180,34740,34020,33610,33340,32720,32120,31610,30750,29890,30100,30090,30600,31410,32550,33460,33280,32560,32400,31530,30840,30670,30880,31510,31800,31350,30400,29390,28580,27550,26730,25840,24880,24050,23180,22620,21870,21300,20820,20240,19490,16510,14860,13590,11910,12200,11380,9950,8550,7460,6360,5490,4850,4170,3350,2840,2470,1940,1460,1050,155010,165300,174220,162450,166730,181740,193810,171880,157090,154750,163230,155700,147270,124680,106840,76370,49530,24220,494500,528500,593100,657000,876600,1188400,1507400,778000,1654600,2048500,2014500,1950000,1886000,9760,541100,393800,162300,86000,36400,12200,2440,37.0,2543000,29680,29540,29280,29550,29980,30700,30920,31220,31320,32580,32790,33030,33260,32670,33030,32100,30920,30540,30440,29980,30570,31620,31760,31100,31870,32540,33320,34460,35420,37280,38660,39780,39410,38410,38190,36240,35390,35030,34340,33940,33230,32440,32030,31460,30850,30730,30600,31850,32860,33850,34830,35090,34030,33930,33110,32380,32040,32540,33280,34010,33420,32560,31190,30370,29470,28480,27580,26760,25580,24800,23860,23040,22620,21850,21850,21090,18060,16480,14990,13600,14260,13510,12030,10640,9550,8450,7460,6580,5980,5250,4530,3920,3360,2720,2070,148030,156740,164770,153980,156920,173010,194450,174930,160000,159880,170990,164240,157000,133220,113230,84220,59990,33720,469500,501600,563100,623500,853300,1173200,1508400,812100,1665400,2112300,2080200,2018700,1958300,16600,603900,446900,200400,116200,56200,22490,5890,39.1,2581800
"Table information:"
"Units:"
"0 Years: Number, Magnitude = Units"
"1 Years: Number, Magnitude = Units"
"2 Years: Number, Magnitude = Units"
"3 Years: Number, Magnitude = Units"
"4 Years: Number, Magnitude = Units"
"5 Years: Number, Magnitude = Units"
"6 Years: Number, Magnitude = Units"
"7 Years: Number, Magnitude = Units"
"8 Years: Number, Magnitude = Units"
"9 Years: Number, Magnitude = Units"
"10 Years: Number, Magnitude = Units"
"11 Years: Number, Magnitude = Units"
"12 Years: Number, Magnitude = Units"
"13 Years: Number, Magnitude = Units"
"14 Years: Number, Magnitude = Units"
"15 Years: Number, Magnitude = Units"
"16 Years: Number, Magnitude = Units"
"17 Years: Number, Magnitude = Units"
"18 Years: Number, Magnitude = Units"
"19 Years: Number, Magnitude = Units"
"20 Years: Number, Magnitude = Units"
"21 Years: Number, Magnitude = Units"
"22 Years: Number, Magnitude = Units"
"23 Years: Number, Magnitude = Units"
"24 Years: Number, Magnitude = Units"
"25 Years: Number, Magnitude = Units"
"26 Years: Number, Magnitude = Units"
"27 Years: Number, Magnitude = Units"
"28 Years: Number, Magnitude = Units"
"29 Years: Number, Magnitude = Units"
"30 Years: Number, Magnitude = Units"
"31 Years: Number, Magnitude = Units"
"32 Years: Number, Magnitude = Units"
"33 Years: Number, Magnitude = Units"
"34 Years: Number, Magnitude = Units"
"35 Years: Number, Magnitude = Units"
"36 Years: Number, Magnitude = Units"
"37 Years: Number, Magnitude = Units"
"38 Years: Number, Magnitude = Units"
"39 Years: Number, Magnitude = Units"
"40 Years: Number, Magnitude = Units"
"41 Years: Number, Magnitude = Units"
"42 Years: Number, Magnitude = Units"
"43 Years: Number, Magnitude = Units"
"44 Years: Number, Magnitude = Units"
"45 Years: Number, Magnitude = Units"
"46 Years: Number, Magnitude = Units"
"47 Years: Number, Magnitude = Units"
"48 Years: Number, Magnitude = Units"
"49 Years: Number, Magnitude = Units"
"50 Years: Number, Magnitude = Units"
"51 Years: Number, Magnitude = Units"
"52 Years: Number, Magnitude = Units"
"53 Years: Number, Magnitude = Units"
"54 Years: Number, Magnitude = Units"
"55 Years: Number, Magnitude = Units"
"56 Years: Number, Magnitude = Units"
"57 Years: Number, Magnitude = Units"
"58 Years: Number, Magnitude = Units"
"59 Years: Number, Magnitude = Units"
"60 Years: Number, Magnitude = Units"
"61 Years: Number, Magnitude = Units"
"62 Years: Number, Magnitude = Units"
"63 Years: Number, Magnitude = Units"
"64 Years: Number, Magnitude = Units"
"65 Years: Number, Magnitude = Units"
"66 Years: Number, Magnitude = Units"
"67 Years: Number, Magnitude = Units"
"68 Years: Number, Magnitude = Units"
"69 Years: Number, Magnitude = Units"
"70 Years: Number, Magnitude = Units"
"71 Years: Number, Magnitude = Units"
"72 Years: Number, Magnitude = Units"
"73 Years: Number, Magnitude = Units"
"74 Years: Number, Magnitude = Units"
"75 Years: Number, Magnitude = Units"
"76 Years: Number, Magnitude = Units"
"77 Years: Number, Magnitude = Units"
"78 Years: Number, Magnitude = Units"
"79 Years: Number, Magnitude = Units"
"80 Years: Number, Magnitude = Units"
"81 Years: Number, Magnitude = Units"
"82 Years: Number, Magnitude = Units"
"83 Years: Number, Magnitude = Units"
"84 Years: Number, Magnitude = Units"
"85 Years: Number, Magnitude = Units"
"86 Years: Number, Magnitude = Units"
"87 Years: Number, Magnitude = Units"
"88 Years: Number, Magnitude = Units"
"89 Years: Number, Magnitude = Units"
"90 Years: Number, Magnitude = Units"
"91 Years: Number, Magnitude = Units"
"92 Years: Number, Magnitude = Units"
"93 Years: Number, Magnitude = Units"
"94 Years: Number, Magnitude = Units"
"0-4 Years: Number, Magnitude = Units"
"5-9 Years: Number, Magnitude = Units"
"10-14 Years: Number, Magnitude = Units"
"15-19 Years: Number, Magnitude = Units"
"20-24 Years: Number, Magnitude = Units"
"25-29 Years: Number, Magnitude = Units"
"30-34 Years: Number, Magnitude = Units"
"35-39 Years: Number, Magnitude = Units"
"40-44 Years: Number, Magnitude = Units"
"45-49 Years: Number, Magnitude = Units"
"50-54 Years: Number, Magnitude = Units"
"55-59 Years: Number, Magnitude = Units"
"60-64 Years: Number, Magnitude = Units"
"65-69 Years: Number, Magnitude = Units"
"70-74 Years: Number, Magnitude = Units"
"75-79 Years: Number, Magnitude = Units"
"80-84 Years: Number, Magnitude = Units"
"85-89 Years: Number, Magnitude = Units"
"Under 15 Years: Number, Magnitude = Units"
"Under 16 Years: Number, Magnitude = Units"
"Under 18 Years: Number, Magnitude = Units"
"Under 20 Years: Number, Magnitude = Units"
"15-39 Years: Number, Magnitude = Units"
"15-49 Years: Number, Magnitude = Units"
"15-59 Years: Number, Magnitude = Units"
"40-64 Years: Number, Magnitude = Units"
"15-64 Years: Number, Magnitude = Units"
"15 Years and Over: Number, Magnitude = Units"
"16 Years and Over: Number, Magnitude = Units"
"18 Years and Over: Number, Magnitude = Units"
"20 Years and Over: Number, Magnitude = Units"
"90-94 Years: Number, Magnitude = Units"
"60 Years and Over: Number, Magnitude = Units"
"65 Years and Over: Number, Magnitude = Units"
"75 Years and Over: Number, Magnitude = Units"
"80 Years and Over: Number, Magnitude = Units"
"85 Years and Over: Number, Magnitude = Units"
"90 Years and Over: Number, Magnitude = Units"
"95 Years and Over: Number, Magnitude = Units"
"Median Age (Years): Year, Magnitude = Units"
"Total All Ages: Number, Magnitude = Units"
""
"Footnotes:"
"All population estimates at 30 June 2018 and beyond use the 2018-base ERP."
"Estimates flagged as provisional are subject to revision, mainly to incorporate revisions to external (international) migration estimates."
" "
"Symbols:"
".. figure not available"
"C: Confidential"
"E: Early Estimate"
"P: Provisional"
"R: Revised"
"S: Suppressed"
""
"Status flags are not displayed"
""
"Table reference: "
"DPE058AA"
""
"Last updated:"
"0 Years: 20 February 2023 10:45am"
"1 Years: 20 February 2023 10:45am"
"2 Years: 20 February 2023 10:45am"
"3 Years: 20 February 2023 10:45am"
"4 Years: 20 February 2023 10:45am"
"5 Years: 20 February 2023 10:45am"
"6 Years: 20 February 2023 10:45am"
"7 Years: 20 February 2023 10:45am"
"8 Years: 20 February 2023 10:45am"
"9 Years: 20 February 2023 10:45am"
"10 Years: 20 February 2023 10:45am"
"11 Years: 20 February 2023 10:45am"
"12 Years: 20 February 2023 10:45am"
"13 Years: 20 February 2023 10:45am"
"14 Years: 20 February 2023 10:45am"
"15 Years: 20 February 2023 10:45am"
"16 Years: 20 February 2023 10:45am"
"17 Years: 20 February 2023 10:45am"
"18 Years: 20 February 2023 10:45am"
"19 Years: 20 February 2023 10:45am"
"20 Years: 20 February 2023 10:45am"
"21 Years: 20 February 2023 10:45am"
"22 Years: 20 February 2023 10:45am"
"23 Years: 20 February 2023 10:45am"
"24 Years: 20 February 2023 10:45am"
"25 Years: 20 February 2023 10:45am"
"26 Years: 20 February 2023 10:45am"
"27 Years: 20 February 2023 10:45am"
"28 Years: 20 February 2023 10:45am"
"29 Years: 20 February 2023 10:45am"
"30 Years: 20 February 2023 10:45am"
"31 Years: 20 February 2023 10:45am"
"32 Years: 20 February 2023 10:45am"
"33 Years: 20 February 2023 10:45am"
"34 Years: 20 February 2023 10:45am"
"35 Years: 20 February 2023 10:45am"
"36 Years: 20 February 2023 10:45am"
"37 Years: 20 February 2023 10:45am"
"38 Years: 20 February 2023 10:45am"
"39 Years: 20 February 2023 10:45am"
"40 Years: 20 February 2023 10:45am"
"41 Years: 20 February 2023 10:45am"
"42 Years: 20 February 2023 10:45am"
"43 Years: 20 February 2023 10:45am"
"44 Years: 20 February 2023 10:45am"
"45 Years: 20 February 2023 10:45am"
"46 Years: 20 February 2023 10:45am"
"47 Years: 20 February 2023 10:45am"
"48 Years: 20 February 2023 10:45am"
"49 Years: 20 February 2023 10:45am"
"50 Years: 20 February 2023 10:45am"
"51 Years: 20 February 2023 10:45am"
"52 Years: 20 February 2023 10:45am"
"53 Years: 20 February 2023 10:45am"
"54 Years: 20 February 2023 10:45am"
"55 Years: 20 February 2023 10:45am"
"56 Years: 20 February 2023 10:45am"
"57 Years: 20 February 2023 10:45am"
"58 Years: 20 February 2023 10:45am"
"59 Years: 20 February 2023 10:45am"
"60 Years: 20 February 2023 10:45am"
"61 Years: 20 February 2023 10:45am"
"62 Years: 20 February 2023 10:45am"
"63 Years: 20 February 2023 10:45am"
"64 Years: 20 February 2023 10:45am"
"65 Years: 20 February 2023 10:45am"
"66 Years: 20 February 2023 10:45am"
"67 Years: 20 February 2023 10:45am"
"68 Years: 20 February 2023 10:45am"
"69 Years: 20 February 2023 10:45am"
"70 Years: 20 February 2023 10:45am"
"71 Years: 20 February 2023 10:45am"
"72 Years: 20 February 2023 10:45am"
"73 Years: 20 February 2023 10:45am"
"74 Years: 20 February 2023 10:45am"
"75 Years: 20 February 2023 10:45am"
"76 Years: 20 February 2023 10:45am"
"77 Years: 20 February 2023 10:45am"
"78 Years: 20 February 2023 10:45am"
"79 Years: 20 February 2023 10:45am"
"80 Years: 20 February 2023 10:45am"
"81 Years: 20 February 2023 10:45am"
"82 Years: 20 February 2023 10:45am"
"83 Years: 20 February 2023 10:45am"
"84 Years: 20 February 2023 10:45am"
"85 Years: 20 February 2023 10:45am"
"86 Years: 20 February 2023 10:45am"
"87 Years: 20 February 2023 10:45am"
"88 Years: 20 February 2023 10:45am"
"89 Years: 20 February 2023 10:45am"
"90 Years: 20 February 2023 10:45am"
"91 Years: 20 February 2023 10:45am"
"92 Years: 20 February 2023 10:45am"
"93 Years: 20 February 2023 10:45am"
"94 Years: 20 February 2023 10:45am"
"0-4 Years: 20 February 2023 10:45am"
"5-9 Years: 20 February 2023 10:45am"
"10-14 Years: 20 February 2023 10:45am"
"15-19 Years: 20 February 2023 10:45am"
"20-24 Years: 20 February 2023 10:45am"
"25-29 Years: 20 February 2023 10:45am"
"30-34 Years: 20 February 2023 10:45am"
"35-39 Years: 20 February 2023 10:45am"
"40-44 Years: 20 February 2023 10:45am"
"45-49 Years: 20 February 2023 10:45am"
"50-54 Years: 20 February 2023 10:45am"
"55-59 Years: 20 February 2023 10:45am"
"60-64 Years: 20 February 2023 10:45am"
"65-69 Years: 20 February 2023 10:45am"
"70-74 Years: 20 February 2023 10:45am"
"75-79 Years: 20 February 2023 10:45am"
"80-84 Years: 20 February 2023 10:45am"
"85-89 Years: 20 February 2023 10:45am"
"Under 15 Years: 20 February 2023 10:45am"
"Under 16 Years: 20 February 2023 10:45am"
"Under 18 Years: 20 February 2023 10:45am"
"Under 20 Years: 20 February 2023 10:45am"
"15-39 Years: 20 February 2023 10:45am"
"15-49 Years: 20 February 2023 10:45am"
"15-59 Years: 20 February 2023 10:45am"
"40-64 Years: 20 February 2023 10:45am"
"15-64 Years: 20 February 2023 10:45am"
"15 Years and Over: 20 February 2023 10:45am"
"16 Years and Over: 20 February 2023 10:45am"
"18 Years and Over: 20 February 2023 10:45am"
"20 Years and Over: 20 February 2023 10:45am"
"90-94 Years: 20 February 2023 10:45am"
"60 Years and Over: 20 February 2023 10:45am"
"65 Years and Over: 20 February 2023 10:45am"
"75 Years and Over: 20 February 2023 10:45am"
"80 Years and Over: 20 February 2023 10:45am"
"85 Years and Over: 20 February 2023 10:45am"
"90 Years and Over: 20 February 2023 10:45am"
"95 Years and Over: 20 February 2023 10:45am"
"Median Age (Years): 20 February 2023 10:45am"
"Total All Ages: 20 February 2023 10:45am"
""
"Source: Statistics New Zealand"
"Contact: Information Centre"
"Telephone: 0508 525 525"
"Email:info@stats.govt.nz"
""
""
""
